{"stats":{"minecraft:custom":{"minecraft:time_since_rest":106769,"minecraft:open_chest":15,"minecraft:crouch_one_cm":2644,"minecraft:sprint_one_cm":34900,"minecraft:play_time":106769,"minecraft:walk_one_cm":312006,"minecraft:sneak_time":962,"minecraft:walk_under_water_one_cm":2300,"minecraft:jump":758,"minecraft:damage_dealt":10,"minecraft:leave_game":10,"minecraft:walk_on_water_one_cm":5659,"minecraft:time_since_death":106769,"minecraft:climb_one_cm":1631,"minecraft:total_world_time":106769,"minecraft:swim_one_cm":40777,"minecraft:fall_one_cm":10357,"minecraft:fly_one_cm":84618},"minecraft:used":{"minecraft:moss_block":5,"minecraft:glowstone":1,"minecraft:sand":7,"minecraft:lantern":1,"minecraft:spruce_slab":103,"minecraft:melon_slice":6,"minecraft:spruce_stairs":165,"alexsmobs:animal_dictionary":2,"minecraft:chest":5,"minecraft:spruce_planks":124,"minecraft:spruce_fence":46,"minecraft:spruce_log":67,"minecraft:spruce_fence_gate":15},"minecraft:picked_up":{"minecraft:clay_ball":3,"minecraft:melon_slice":10,"minecraft:moss_block":1,"alexsmobs:flying_fish":2,"minecraft:moss_carpet":1},"minecraft:mined":{"minecraft:grass":2,"minecraft:melon":2}},"DataVersion":3465}