{"stats":{"minecraft:killed":{"minecraft:spider":6,"minecraft:skeleton":36,"alexsmobs:kangaroo":13,"minecraft:cat":3,"minecraft:creeper":2,"minecraft:sheep":4,"minecraft:zombie":31,"alexsmobs:maned_wolf":1,"minecraft:stray":3,"minecraft:cow":2,"alexsmobs:flying_fish":3,"minecraft:husk":2,"alexsmobs:emu":7,"alexsmobs:elephant":1,"alexsmobs:gazelle":3},"minecraft:dropped":{"minecraft:daylight_detector":1,"minecraft:iron_sword":1,"minecraft:moss_block":8,"minecraft:dark_oak_stairs":2,"minecraft:crafting_table":1,"alexsmobs:kangaroo_meat":2,"minecraft:crossbow":1,"majruszsdifficulty:tattered_helmet":1,"minecraft:jungle_planks":4,"alexsmobs:flying_fish_boots":1,"minecraft:red_carpet":28,"minecraft:cod":12,"minecraft:melon":1,"minecraft:packed_mud":1,"minecraft:gray_concrete":4,"minecraft:grass":1,"minecraft:stone_button":5,"minecraft:cornflower":1,"minecraft:mutton":2,"majruszsdifficulty:tattered_boots":1,"alexsmobs:emu_feather":4,"minecraft:dark_oak_planks":3,"minecraft:white_wool":2,"minecraft:bone":83,"minecraft:stone_axe":2,"minecraft:golden_chestplate":1,"alexsmobs:animal_dictionary":1,"minecraft:birch_sapling":1,"minecraft:rotten_flesh":14,"minecraft:azure_bluet":1,"minecraft:white_bed":1,"minecraft:salmon":3,"alexsmobs:kangaroo_hide":3,"weaponmaster:weaponkit":1,"minecraft:poppy":5,"minecraft:leather_boots":1,"minecraft:azalea":1,"minecraft:acacia_sapling":26,"minecraft:spruce_slab":8,"minecraft:beef":2,"minecraft:stone_brick_stairs":1,"minecraft:enchanted_book":4,"minecraft:bread":20,"minecraft:wheat_seeds":60,"minecraft:smithing_table":2,"minecraft:iron_helmet":1,"minecraft:cobblestone":8,"majruszsdifficulty:soul_jar":1,"minecraft:tropical_fish":1,"minecraft:spruce_stairs":2,"minecraft:coal":29,"minecraft:stick":18,"minecraft:pufferfish":3,"minecraft:jungle_slab":1,"minecraft:gray_wool":3,"minecraft:ink_sac":3,"minecraft:melon_slice":7,"epicfight:iron_greatsword":1,"minecraft:iron_leggings":1,"minecraft:jungle_boat":2,"minecraft:string":5,"minecraft:redstone":1,"minecraft:kelp":3,"minecraft:player_head":1,"minecraft:chiseled_quartz_block":3,"minecraft:stone_sword":1,"minecraft:sticky_piston":2,"minecraft:raw_iron":6,"minecraft:iron_hoe":1,"minecraft:light_gray_concrete":5,"minecraft:shield":1,"minecraft:spruce_planks":5,"minecraft:quartz_stairs":1,"minecraft:oak_boat":1,"minecraft:spruce_log":2,"minecraft:sandstone":1,"minecraft:wooden_pickaxe":2},"minecraft:used":{"alexsmobs:emu_egg":3,"minecraft:moss_block":7,"minecraft:writable_book":2,"minecraft:iron_shovel":56,"minecraft:spruce_slab":103,"minecraft:chest":8,"minecraft:iron_sword":100,"minecraft:player_head":8,"minecraft:iron_chestplate":1,"minecraft:jungle_planks":11,"minecraft:lantern":5,"minecraft:polished_andesite_stairs":4,"minecraft:iron_helmet":1,"minecraft:stone_bricks":6,"minecraft:item_frame":3,"minecraft:red_carpet":33,"minecraft:bow":57,"minecraft:cooked_cod":23,"minecraft:acacia_fence":3,"minecraft:egg":2,"minecraft:damaged_anvil":1,"minecraft:stone_pickaxe":36,"minecraft:wooden_pickaxe":15,"minecraft:sandstone":3,"minecraft:sand":7,"minecraft:yellow_terracotta":2,"minecraft:crossbow":11,"minecraft:acacia_leaves":1,"minecraft:redstone_torch":2,"minecraft:stone_button":1,"minecraft:melon_slice":13,"minecraft:bread":171,"minecraft:gravel":33,"minecraft:birch_log":4,"minecraft:coarse_dirt":10,"minecraft:experience_bottle":11,"minecraft:stone_sword":174,"minecraft:acacia_log":5,"minecraft:stone_shovel":83,"minecraft:spruce_planks":124,"weaponmaster:workstation":2,"minecraft:cooked_salmon":2,"minecraft:torch":24,"minecraft:dirt":60,"minecraft:anvil":1,"minecraft:spruce_stairs":165,"minecraft:spruce_fence":46,"minecraft:iron_hoe":250,"majruszsdifficulty:angler_treasure_bag":1,"minecraft:bookshelf":1,"minecraft:iron_axe":47,"minecraft:rooted_dirt":1,"minecraft:iron_boots":1,"minecraft:barrel":1,"minecraft:glowstone":1,"minecraft:iron_leggings":2,"minecraft:wheat_seeds":176,"minecraft:water_bucket":57,"minecraft:glass_bottle":1,"minecraft:birch_boat":5,"minecraft:fletching_table":7,"minecraft:spruce_fence_gate":15,"minecraft:terracotta":3,"minecraft:oak_slab":2,"minecraft:crafting_table":7,"minecraft:birch_sign":1,"minecraft:white_bed":10,"minecraft:spruce_log":67,"minecraft:wooden_hoe":118,"minecraft:diamond_pickaxe":3,"minecraft:acacia_stairs":1,"minecraft:iron_pickaxe":25,"minecraft:stone_axe":102,"minecraft:fishing_rod":23,"minecraft:cobblestone":1,"minecraft:potion":1,"weaponmaster:wm_rapier":55,"minecraft:bucket":57,"minecraft:yellow_bed":18,"alexsmobs:animal_dictionary":15,"alexsmobs:emu_leggings":2},"minecraft:picked_up":{"minecraft:wheat":74,"minecraft:smithing_table":2,"minecraft:lead":1,"minecraft:enchanted_book":12,"minecraft:stone_brick_stairs":1,"minecraft:brewing_stand":2,"alexsmobs:gazelle_horn":1,"minecraft:string":45,"minecraft:iron_leggings":1,"minecraft:sticky_piston":2,"minecraft:pufferfish":4,"minecraft:experience_bottle":12,"alexsmobs:emu_feather":8,"minecraft:gold_nugget":13,"minecraft:spruce_planks":5,"minecraft:azalea":1,"minecraft:melon_slice":27,"minecraft:stick":35,"minecraft:acacia_fence":4,"minecraft:torch":8,"minecraft:acacia_log":34,"minecraft:spruce_stairs":2,"minecraft:golden_chestplate":3,"minecraft:stone_sword":2,"minecraft:rotten_flesh":23,"minecraft:iron_block":4,"alexsmobs:emu_egg":11,"minecraft:obsidian":6,"minecraft:cod":12,"alexsmobs:flying_fish":6,"minecraft:cobblestone":24,"minecraft:birch_log":16,"minecraft:leather_chestplate":2,"minecraft:jungle_log":7,"minecraft:acacia_leaves":1,"minecraft:golden_leggings":1,"minecraft:chiseled_quartz_block":3,"minecraft:flint":6,"minecraft:gray_concrete":4,"minecraft:dirt":60,"minecraft:lantern":4,"minecraft:leather_boots":1,"minecraft:bone":103,"minecraft:acacia_planks":1,"epicfight:iron_greatsword":1,"minecraft:bow":2,"minecraft:wheat_seeds":238,"minecraft:fletching_table":7,"minecraft:moss_block":11,"minecraft:jungle_planks":35,"minecraft:sand":47,"minecraft:melon":1,"minecraft:ink_sac":3,"minecraft:acacia_stairs":1,"minecraft:jungle_slab":1,"minecraft:barrel":1,"alexsmobs:animal_dictionary":3,"minecraft:iron_hoe":1,"minecraft:light_gray_concrete":5,"alexsmobs:kangaroo_hide":9,"minecraft:diamond":2,"minecraft:writable_book":1,"minecraft:emerald":3,"minecraft:bread":221,"minecraft:rooted_dirt":1,"minecraft:fishing_rod":5,"majruszsdifficulty:tattered_boots":1,"minecraft:crafting_table":8,"minecraft:coarse_dirt":10,"minecraft:azure_bluet":1,"minecraft:clay_ball":3,"minecraft:wooden_pickaxe":2,"minecraft:shield":1,"minecraft:cornflower":1,"minecraft:moss_carpet":1,"minecraft:flint_and_steel":1,"minecraft:item_frame":7,"minecraft:beef":2,"minecraft:oak_boat":1,"minecraft:player_head":9,"minecraft:birch_sapling":1,"minecraft:poppy":5,"minecraft:spruce_slab":8,"minecraft:chest":3,"minecraft:quartz_stairs":1,"minecraft:egg":2,"minecraft:raw_iron":10,"minecraft:sandstone":4,"minecraft:stone_button":6,"minecraft:redstone":3,"minecraft:dark_oak_planks":3,"minecraft:arrow":35,"minecraft:stone_shovel":3,"majruszsdifficulty:soul_jar":2,"minecraft:yellow_terracotta":2,"minecraft:gold_ingot":9,"minecraft:mutton":3,"minecraft:white_wool":2,"alexsmobs:kangaroo_meat":15,"minecraft:jungle_boat":2,"minecraft:tripwire_hook":1,"minecraft:salmon":3,"minecraft:leather":4,"alexsmobs:acacia_blossom":4,"majruszsdifficulty:tattered_helmet":1,"minecraft:birch_planks":35,"minecraft:packed_mud":2,"minecraft:golden_boots":1,"minecraft:yellow_bed":19,"minecraft:red_carpet":61,"minecraft:stone_bricks":6,"minecraft:kelp":3,"minecraft:iron_ingot":22,"minecraft:stone_pickaxe":2,"minecraft:iron_sword":1,"minecraft:acacia_sapling":25,"minecraft:dark_oak_stairs":2,"minecraft:book":42,"minecraft:oak_slab":2,"minecraft:polished_andesite_stairs":4,"minecraft:birch_boat":6,"minecraft:daylight_detector":1,"minecraft:gravel":33,"minecraft:white_bed":10,"majruszsdifficulty:bandage":6,"minecraft:spruce_log":2,"minecraft:slime_ball":3,"minecraft:stone_axe":3,"minecraft:iron_helmet":1,"minecraft:gray_wool":3,"minecraft:terracotta":3,"minecraft:damaged_anvil":2,"minecraft:coal":24},"minecraft:custom":{"minecraft:animals_bred":1,"minecraft:interact_with_crafting_table":32,"minecraft:open_barrel":40,"minecraft:leave_game":16,"minecraft:time_since_death":505974,"minecraft:sprint_one_cm":2322747,"minecraft:drop":162,"minecraft:talked_to_villager":21,"minecraft:play_time":626998,"minecraft:deaths":1,"minecraft:jump":10295,"minecraft:walk_on_water_one_cm":219022,"minecraft:interact_with_furnace":17,"minecraft:sleep_in_bed":36,"minecraft:damage_dealt":10847,"minecraft:crouch_one_cm":57857,"minecraft:interact_with_smoker":1,"minecraft:inspect_dispenser":1,"minecraft:horse_one_cm":549676,"minecraft:mob_kills":124,"minecraft:interact_with_anvil":7,"minecraft:climb_one_cm":64087,"minecraft:walk_one_cm":2282221,"minecraft:damage_dealt_absorbed":96,"minecraft:target_hit":9,"minecraft:sneak_time":12811,"minecraft:walk_under_water_one_cm":46065,"minecraft:boat_one_cm":154935,"minecraft:interact_with_blast_furnace":3,"minecraft:total_world_time":626998,"minecraft:time_since_rest":31242,"minecraft:damage_taken":5416,"minecraft:swim_one_cm":247922,"minecraft:fly_one_cm":3715195,"minecraft:open_chest":272,"minecraft:fish_caught":19,"minecraft:fall_one_cm":230286},"minecraft:mined":{"minecraft:dark_oak_planks":3,"minecraft:spruce_planks":1,"minecraft:white_bed":9,"minecraft:jungle_slab":1,"minecraft:brewing_stand":2,"minecraft:obsidian":3,"minecraft:acacia_log":27,"minecraft:grass_block":30,"minecraft:jungle_log":1,"minecraft:barrel":1,"minecraft:fletching_table":7,"minecraft:dark_oak_stairs":2,"minecraft:light_gray_concrete":4,"weaponmaster:workstation":1,"minecraft:azalea_leaves":2,"minecraft:iron_block":4,"minecraft:player_head":4,"minecraft:spruce_slab":7,"minecraft:tripwire":1,"minecraft:piston_head":2,"minecraft:torch":3,"minecraft:melon":4,"minecraft:polished_andesite_stairs":4,"minecraft:chest":4,"minecraft:damaged_anvil":2,"minecraft:wall_torch":5,"minecraft:birch_log":16,"minecraft:wheat":78,"minecraft:grass":97,"minecraft:acacia_fence":2,"minecraft:sand":48,"minecraft:dirt":21,"minecraft:smooth_quartz":6,"minecraft:daylight_detector":1,"minecraft:yellow_terracotta":2,"minecraft:red_carpet":19,"minecraft:quartz_stairs":1,"minecraft:jungle_planks":11,"minecraft:redstone_wire":1,"minecraft:moss_block":2,"minecraft:sandstone":4,"minecraft:rooted_dirt":1,"minecraft:packed_mud":1,"minecraft:acacia_wood":3,"minecraft:acacia_stairs":1,"minecraft:black_concrete":6,"minecraft:bookshelf":13,"minecraft:lantern":3,"minecraft:stone":19,"minecraft:oak_slab":1,"minecraft:acacia_leaves":374,"minecraft:crafting_table":6,"minecraft:tall_grass":19,"minecraft:gray_wool":3,"minecraft:coarse_dirt":10,"minecraft:mangrove_leaves":1,"minecraft:yellow_bed":18,"minecraft:gravel":35,"minecraft:cobweb":32,"minecraft:terracotta":3,"minecraft:acacia_planks":1,"minecraft:stone_bricks":6,"minecraft:fern":1},"minecraft:killed_by":{"alexsmobs:komodo_dragon":1},"minecraft:crafted":{"minecraft:birch_boat":1,"minecraft:bookshelf":5,"weaponmaster:workstation":2,"minecraft:bow":1,"minecraft:chest":1,"weaponmaster:weaponkit":2,"minecraft:emerald":9,"minecraft:crafting_table":2,"minecraft:acacia_slab":12,"minecraft:wooden_pickaxe":1,"minecraft:fletching_table":1,"minecraft:birch_planks":48,"minecraft:lectern":2,"minecraft:wooden_hoe":2,"minecraft:diamond_pickaxe":1,"minecraft:stick":32,"minecraft:iron_ingot":3,"minecraft:iron_block":2,"minecraft:stone_sword":1,"alexsmobs:emu_leggings":1,"minecraft:stone_shovel":1,"minecraft:iron_axe":1,"minecraft:iron_hoe":1,"minecraft:stone_pickaxe":1,"alexsmobs:flying_fish_boots":2,"minecraft:birch_sign":3,"minecraft:cooked_cod":23,"minecraft:iron_sword":1,"minecraft:cooked_salmon":2,"minecraft:stone_axe":1,"minecraft:bread":20,"minecraft:air":0,"minecraft:jungle_planks":28,"minecraft:iron_shovel":1,"minecraft:anvil":2,"minecraft:acacia_planks":40,"minecraft:torch":16},"minecraft:broken":{"minecraft:fishing_rod":1,"minecraft:iron_hoe":1,"minecraft:stone_sword":1,"minecraft:wooden_hoe":2}},"DataVersion":3465}