{"stats":{"minecraft:custom":{"minecraft:mob_kills":2,"minecraft:interact_with_crafting_table":4,"minecraft:leave_game":11,"minecraft:time_since_death":22116,"minecraft:sleep_in_bed":3,"minecraft:climb_one_cm":2735,"minecraft:time_since_rest":4793,"minecraft:sprint_one_cm":151377,"minecraft:damage_taken":965,"minecraft:walk_one_cm":367688,"minecraft:drop":23,"minecraft:damage_dealt":533,"minecraft:swim_one_cm":91437,"minecraft:fly_one_cm":267545,"minecraft:open_chest":18,"minecraft:crouch_one_cm":5310,"minecraft:play_time":143140,"minecraft:deaths":1,"minecraft:sneak_time":1809,"minecraft:walk_under_water_one_cm":5169,"minecraft:boat_one_cm":60570,"minecraft:jump":1697,"minecraft:walk_on_water_one_cm":20166,"minecraft:total_world_time":143140,"minecraft:fall_one_cm":34863},"minecraft:crafted":{"minecraft:stone_shovel":1,"minecraft:crafting_table":1,"minecraft:birch_boat":1,"minecraft:wooden_pickaxe":1,"minecraft:birch_planks":48,"minecraft:stone_axe":1,"minecraft:jungle_planks":28,"minecraft:stick":12,"minecraft:stone_pickaxe":1,"minecraft:stone_sword":1,"minecraft:chest":1},"minecraft:used":{"minecraft:moss_block":5,"minecraft:stone_sword":11,"minecraft:stone_pickaxe":1,"minecraft:spruce_slab":103,"minecraft:birch_boat":2,"minecraft:chest":6,"minecraft:spruce_planks":124,"minecraft:wooden_pickaxe":15,"minecraft:spruce_fence_gate":15,"minecraft:sand":7,"minecraft:crafting_table":4,"minecraft:jungle_planks":7,"minecraft:spruce_stairs":165,"minecraft:white_bed":5,"minecraft:spruce_fence":46,"minecraft:spruce_log":67,"minecraft:lantern":1,"minecraft:bread":20,"minecraft:melon_slice":10,"minecraft:stone_axe":30,"minecraft:glowstone":1,"minecraft:birch_log":4,"alexsmobs:animal_dictionary":7},"minecraft:dropped":{"minecraft:bread":20,"minecraft:stone_axe":1,"minecraft:moss_block":8,"alexsmobs:animal_dictionary":1,"minecraft:stone_sword":1,"minecraft:crafting_table":1,"minecraft:birch_sapling":1,"minecraft:raw_iron":6,"minecraft:cobblestone":6,"minecraft:white_bed":1,"minecraft:spruce_stairs":2,"minecraft:coal":24,"minecraft:stick":16,"alexsmobs:kangaroo_hide":3,"minecraft:packed_mud":1,"minecraft:ink_sac":2,"minecraft:spruce_planks":4,"minecraft:melon_slice":4,"minecraft:azalea":1,"alexsmobs:emu_feather":1,"minecraft:spruce_log":2,"minecraft:wooden_pickaxe":2},"minecraft:killed_by":{"alexsmobs:komodo_dragon":1},"minecraft:picked_up":{"minecraft:birch_log":16,"minecraft:crafting_table":6,"minecraft:clay_ball":3,"minecraft:jungle_log":7,"minecraft:golden_leggings":1,"minecraft:wooden_pickaxe":2,"minecraft:birch_planks":35,"minecraft:packed_mud":2,"minecraft:flint":4,"minecraft:golden_boots":1,"minecraft:moss_carpet":1,"minecraft:flint_and_steel":1,"minecraft:bone":2,"alexsmobs:emu_feather":1,"minecraft:gold_nugget":13,"minecraft:spruce_planks":4,"minecraft:stone_pickaxe":2,"minecraft:azalea":1,"minecraft:moss_block":9,"minecraft:melon_slice":24,"minecraft:birch_sapling":1,"minecraft:chest":2,"minecraft:stick":16,"minecraft:raw_iron":10,"minecraft:birch_boat":3,"minecraft:spruce_stairs":2,"minecraft:jungle_planks":28,"minecraft:ink_sac":2,"minecraft:white_bed":6,"minecraft:spruce_log":2,"minecraft:golden_chestplate":2,"alexsmobs:animal_dictionary":3,"minecraft:stone_sword":2,"alexsmobs:kangaroo_hide":3,"minecraft:stone_shovel":3,"minecraft:stone_axe":2,"minecraft:bread":33,"minecraft:coal":24,"alexsmobs:kangaroo_meat":3,"alexsmobs:flying_fish":2,"minecraft:cobblestone":21},"minecraft:killed":{"alexsmobs:kangaroo":2},"minecraft:mined":{"minecraft:white_bed":5,"minecraft:crafting_table":4,"minecraft:melon":4,"minecraft:jungle_planks":4,"minecraft:chest":2,"minecraft:jungle_log":1,"minecraft:tall_grass":2,"minecraft:packed_mud":1,"minecraft:birch_log":16,"minecraft:grass":4,"minecraft:azalea_leaves":2,"minecraft:stone":15,"minecraft:fern":1}},"DataVersion":3465}