{"stats":{"minecraft:killed_by":{"alexsmobs:komodo_dragon":1},"minecraft:crafted":{"minecraft:stone_shovel":1,"minecraft:birch_boat":1,"minecraft:stone_pickaxe":1,"minecraft:chest":1,"minecraft:birch_sign":3,"minecraft:cooked_cod":23,"minecraft:crafting_table":1,"minecraft:wooden_pickaxe":1,"minecraft:cooked_salmon":2,"minecraft:birch_planks":48,"minecraft:stone_axe":1,"minecraft:air":0,"minecraft:jungle_planks":28,"minecraft:stick":16,"minecraft:stone_sword":1},"minecraft:mined":{"minecraft:dark_oak_planks":3,"minecraft:spruce_planks":1,"minecraft:white_bed":9,"minecraft:jungle_slab":1,"minecraft:jungle_planks":10,"minecraft:jungle_log":1,"minecraft:sandstone":4,"minecraft:packed_mud":1,"minecraft:acacia_stairs":1,"minecraft:dark_oak_stairs":2,"minecraft:lantern":3,"minecraft:azalea_leaves":2,"minecraft:stone":15,"minecraft:spruce_slab":1,"minecraft:crafting_table":4,"minecraft:melon":4,"minecraft:chest":3,"minecraft:tall_grass":3,"minecraft:birch_log":16,"minecraft:wheat":14,"minecraft:yellow_bed":3,"minecraft:grass":16,"minecraft:sand":48,"minecraft:fern":1},"minecraft:picked_up":{"minecraft:fishing_rod":5,"minecraft:crafting_table":6,"minecraft:wheat":14,"minecraft:clay_ball":3,"minecraft:wooden_pickaxe":2,"minecraft:enchanted_book":5,"alexsmobs:gazelle_horn":1,"minecraft:moss_carpet":1,"minecraft:flint_and_steel":1,"minecraft:item_frame":6,"minecraft:pufferfish":4,"minecraft:experience_bottle":11,"alexsmobs:emu_feather":5,"minecraft:gold_nugget":13,"minecraft:spruce_planks":5,"minecraft:player_head":4,"minecraft:azalea":1,"minecraft:spruce_slab":1,"minecraft:melon_slice":24,"minecraft:chest":2,"minecraft:birch_sapling":1,"minecraft:stick":16,"minecraft:raw_iron":10,"minecraft:sandstone":4,"minecraft:spruce_stairs":2,"minecraft:golden_chestplate":3,"minecraft:dark_oak_planks":3,"minecraft:stone_sword":2,"minecraft:rotten_flesh":9,"minecraft:stone_shovel":3,"alexsmobs:emu_egg":4,"minecraft:gold_ingot":9,"minecraft:mutton":1,"alexsmobs:kangaroo_meat":11,"minecraft:cod":12,"alexsmobs:flying_fish":4,"minecraft:cobblestone":21,"minecraft:birch_log":16,"minecraft:leather_chestplate":2,"minecraft:salmon":3,"minecraft:jungle_log":7,"minecraft:golden_leggings":1,"minecraft:birch_planks":35,"minecraft:packed_mud":2,"minecraft:flint":4,"minecraft:golden_boots":1,"minecraft:yellow_bed":3,"minecraft:lantern":3,"minecraft:leather_boots":1,"minecraft:bone":2,"minecraft:bow":1,"minecraft:wheat_seeds":44,"minecraft:stone_pickaxe":2,"minecraft:iron_ingot":10,"minecraft:moss_block":9,"minecraft:dark_oak_stairs":2,"minecraft:book":1,"minecraft:birch_boat":6,"minecraft:jungle_planks":34,"minecraft:sand":47,"minecraft:ink_sac":3,"minecraft:white_bed":10,"minecraft:spruce_log":2,"minecraft:acacia_stairs":1,"minecraft:jungle_slab":1,"alexsmobs:animal_dictionary":3,"alexsmobs:kangaroo_hide":6,"minecraft:slime_ball":3,"minecraft:stone_axe":3,"minecraft:writable_book":1,"minecraft:emerald":3,"minecraft:bread":33,"minecraft:coal":24},"minecraft:killed":{"alexsmobs:flying_fish":1,"alexsmobs:kangaroo":7,"alexsmobs:emu":3,"minecraft:zombie":13,"alexsmobs:gazelle":1},"minecraft:custom":{"minecraft:mob_kills":25,"minecraft:animals_bred":1,"minecraft:interact_with_crafting_table":7,"minecraft:open_barrel":31,"minecraft:leave_game":11,"minecraft:time_since_death":111967,"minecraft:climb_one_cm":2735,"minecraft:sprint_one_cm":359478,"minecraft:walk_one_cm":591158,"minecraft:drop":45,"minecraft:talked_to_villager":2,"minecraft:play_time":232991,"minecraft:deaths":1,"minecraft:sneak_time":3040,"minecraft:walk_under_water_one_cm":10912,"minecraft:boat_one_cm":154935,"minecraft:jump":3324,"minecraft:walk_on_water_one_cm":24845,"minecraft:total_world_time":232991,"minecraft:interact_with_furnace":15,"minecraft:sleep_in_bed":10,"minecraft:time_since_rest":3755,"minecraft:damage_taken":1455,"minecraft:damage_dealt":4792,"minecraft:swim_one_cm":121049,"minecraft:fly_one_cm":610177,"minecraft:open_chest":75,"minecraft:crouch_one_cm":10179,"minecraft:interact_with_smoker":1,"minecraft:fish_caught":19,"minecraft:fall_one_cm":70944},"minecraft:broken":{"minecraft:fishing_rod":1},"minecraft:dropped":{"minecraft:bread":20,"minecraft:moss_block":8,"minecraft:dark_oak_stairs":2,"minecraft:wheat_seeds":32,"minecraft:crafting_table":1,"minecraft:cobblestone":6,"minecraft:tropical_fish":1,"minecraft:spruce_stairs":2,"minecraft:coal":24,"minecraft:cod":12,"minecraft:stick":16,"minecraft:pufferfish":3,"minecraft:jungle_slab":1,"minecraft:packed_mud":1,"minecraft:grass":1,"minecraft:ink_sac":3,"minecraft:melon_slice":4,"alexsmobs:emu_feather":1,"minecraft:dark_oak_planks":3,"minecraft:stone_axe":2,"minecraft:golden_chestplate":1,"alexsmobs:animal_dictionary":1,"minecraft:stone_sword":1,"minecraft:birch_sapling":1,"minecraft:raw_iron":6,"minecraft:white_bed":1,"minecraft:salmon":3,"alexsmobs:kangaroo_hide":3,"minecraft:spruce_planks":5,"minecraft:acacia_sapling":2,"minecraft:leather_boots":1,"minecraft:azalea":1,"minecraft:spruce_slab":1,"minecraft:spruce_log":2,"minecraft:sandstone":1,"minecraft:wooden_pickaxe":2},"minecraft:used":{"minecraft:moss_block":5,"minecraft:writable_book":1,"minecraft:stone_sword":74,"minecraft:spruce_slab":103,"minecraft:stone_shovel":48,"minecraft:chest":8,"minecraft:spruce_planks":124,"minecraft:cooked_salmon":2,"minecraft:player_head":4,"minecraft:iron_chestplate":1,"minecraft:jungle_planks":9,"minecraft:spruce_stairs":165,"minecraft:spruce_fence":46,"majruszsdifficulty:angler_treasure_bag":1,"minecraft:lantern":4,"minecraft:iron_helmet":1,"minecraft:iron_boots":1,"minecraft:item_frame":2,"minecraft:glowstone":1,"minecraft:cooked_cod":14,"minecraft:iron_leggings":1,"minecraft:wheat_seeds":13,"minecraft:water_bucket":7,"minecraft:glass_bottle":1,"minecraft:stone_pickaxe":8,"minecraft:birch_boat":5,"minecraft:wooden_pickaxe":15,"minecraft:sandstone":3,"minecraft:spruce_fence_gate":15,"minecraft:sand":7,"minecraft:crafting_table":4,"minecraft:birch_sign":1,"minecraft:white_bed":10,"minecraft:spruce_log":67,"minecraft:acacia_stairs":1,"minecraft:melon_slice":13,"minecraft:bread":25,"minecraft:stone_axe":79,"minecraft:fishing_rod":23,"minecraft:potion":1,"minecraft:birch_log":4,"minecraft:bucket":7,"minecraft:yellow_bed":2,"alexsmobs:animal_dictionary":13,"minecraft:experience_bottle":10}},"DataVersion":3465}