{"stats":{"minecraft:custom":{"minecraft:time_since_rest":42589,"minecraft:open_chest":8,"minecraft:crouch_one_cm":2084,"minecraft:sprint_one_cm":3791,"minecraft:play_time":42589,"minecraft:walk_one_cm":166644,"minecraft:sneak_time":827,"minecraft:walk_under_water_one_cm":402,"minecraft:jump":217,"minecraft:damage_dealt":10,"minecraft:leave_game":1,"minecraft:walk_on_water_one_cm":1178,"minecraft:time_since_death":42589,"minecraft:climb_one_cm":902,"minecraft:total_world_time":42589,"minecraft:swim_one_cm":7551,"minecraft:fall_one_cm":1463,"minecraft:fly_one_cm":18433},"minecraft:used":{"minecraft:glowstone":1,"minecraft:sand":7,"minecraft:lantern":1,"minecraft:spruce_slab":103,"minecraft:spruce_stairs":159,"alexsmobs:animal_dictionary":1,"minecraft:spruce_planks":120,"minecraft:chest":5,"minecraft:spruce_fence":46,"minecraft:spruce_log":60,"minecraft:spruce_fence_gate":12},"minecraft:picked_up":{"alexsmobs:flying_fish":2,"minecraft:moss_carpet":1}},"DataVersion":3465}