{"stats":{"minecraft:killed":{"minecraft:skeleton":10,"alexsmobs:kangaroo":8,"alexsmobs:flying_fish":1,"minecraft:cat":3,"alexsmobs:emu":3,"minecraft:zombie":13,"alexsmobs:gazelle":1},"minecraft:dropped":{"minecraft:bread":20,"minecraft:moss_block":8,"minecraft:dark_oak_stairs":2,"minecraft:wheat_seeds":42,"minecraft:crafting_table":1,"minecraft:iron_helmet":1,"minecraft:cobblestone":6,"minecraft:jungle_planks":4,"minecraft:tropical_fish":1,"minecraft:spruce_stairs":2,"minecraft:coal":29,"minecraft:cod":12,"minecraft:stick":16,"minecraft:pufferfish":3,"minecraft:packed_mud":1,"minecraft:jungle_slab":1,"minecraft:gray_concrete":4,"minecraft:grass":1,"minecraft:gray_wool":3,"minecraft:ink_sac":3,"minecraft:melon_slice":4,"minecraft:iron_leggings":1,"alexsmobs:emu_feather":1,"minecraft:jungle_boat":2,"minecraft:dark_oak_planks":3,"minecraft:string":2,"minecraft:stone_axe":2,"minecraft:player_head":1,"minecraft:golden_chestplate":1,"alexsmobs:animal_dictionary":1,"minecraft:chiseled_quartz_block":3,"minecraft:stone_sword":1,"minecraft:birch_sapling":1,"minecraft:raw_iron":6,"minecraft:rotten_flesh":5,"minecraft:light_gray_concrete":5,"minecraft:white_bed":1,"minecraft:salmon":3,"alexsmobs:kangaroo_hide":3,"minecraft:spruce_planks":5,"minecraft:quartz_stairs":1,"minecraft:leather_boots":1,"minecraft:azalea":1,"minecraft:acacia_sapling":2,"minecraft:spruce_log":2,"minecraft:spruce_slab":8,"minecraft:sandstone":1,"minecraft:wooden_pickaxe":2,"minecraft:stone_brick_stairs":1},"minecraft:used":{"alexsmobs:emu_egg":1,"minecraft:moss_block":5,"minecraft:writable_book":1,"minecraft:stone_sword":174,"minecraft:spruce_slab":103,"minecraft:stone_shovel":83,"minecraft:chest":8,"minecraft:spruce_planks":124,"minecraft:cooked_salmon":2,"minecraft:player_head":8,"minecraft:iron_chestplate":1,"minecraft:torch":9,"minecraft:jungle_planks":11,"minecraft:spruce_stairs":165,"minecraft:spruce_fence":46,"majruszsdifficulty:angler_treasure_bag":1,"minecraft:lantern":4,"minecraft:iron_helmet":1,"minecraft:iron_boots":1,"minecraft:barrel":1,"minecraft:item_frame":2,"minecraft:glowstone":1,"minecraft:cooked_cod":23,"minecraft:egg":1,"minecraft:iron_leggings":2,"minecraft:wheat_seeds":13,"minecraft:water_bucket":11,"minecraft:damaged_anvil":1,"minecraft:stone_pickaxe":36,"minecraft:glass_bottle":1,"minecraft:wooden_pickaxe":15,"minecraft:birch_boat":5,"minecraft:sandstone":3,"minecraft:fletching_table":7,"minecraft:spruce_fence_gate":15,"minecraft:sand":7,"minecraft:crafting_table":5,"minecraft:birch_sign":1,"minecraft:white_bed":10,"minecraft:spruce_log":67,"minecraft:redstone_torch":2,"minecraft:acacia_stairs":1,"minecraft:melon_slice":13,"minecraft:bread":43,"minecraft:gravel":33,"minecraft:stone_axe":102,"minecraft:fishing_rod":23,"minecraft:cobblestone":1,"minecraft:potion":1,"minecraft:bucket":11,"minecraft:birch_log":4,"minecraft:yellow_bed":7,"alexsmobs:animal_dictionary":13,"alexsmobs:emu_leggings":2,"minecraft:experience_bottle":11},"minecraft:picked_up":{"minecraft:fishing_rod":5,"minecraft:crafting_table":6,"minecraft:wheat":14,"minecraft:clay_ball":3,"minecraft:lead":1,"minecraft:wooden_pickaxe":2,"minecraft:enchanted_book":5,"minecraft:stone_brick_stairs":1,"alexsmobs:gazelle_horn":1,"minecraft:string":8,"minecraft:moss_carpet":1,"minecraft:flint_and_steel":1,"minecraft:iron_leggings":1,"minecraft:item_frame":6,"minecraft:pufferfish":4,"minecraft:experience_bottle":12,"alexsmobs:emu_feather":5,"minecraft:gold_nugget":13,"minecraft:spruce_planks":5,"minecraft:player_head":9,"minecraft:azalea":1,"minecraft:spruce_slab":8,"minecraft:melon_slice":24,"minecraft:quartz_stairs":1,"minecraft:chest":2,"minecraft:birch_sapling":1,"minecraft:egg":1,"minecraft:stick":16,"minecraft:raw_iron":10,"minecraft:sandstone":4,"minecraft:torch":3,"minecraft:acacia_log":1,"minecraft:spruce_stairs":2,"minecraft:redstone":2,"minecraft:golden_chestplate":3,"minecraft:dark_oak_planks":3,"minecraft:stone_sword":2,"minecraft:arrow":9,"minecraft:stone_shovel":3,"minecraft:rotten_flesh":14,"alexsmobs:emu_egg":5,"minecraft:gold_ingot":9,"minecraft:mutton":1,"minecraft:cod":12,"alexsmobs:kangaroo_meat":13,"alexsmobs:flying_fish":4,"minecraft:cobblestone":22,"minecraft:birch_log":16,"minecraft:jungle_boat":2,"minecraft:leather_chestplate":2,"minecraft:tripwire_hook":1,"minecraft:salmon":3,"minecraft:jungle_log":7,"minecraft:golden_leggings":1,"minecraft:chiseled_quartz_block":3,"minecraft:birch_planks":35,"minecraft:packed_mud":2,"minecraft:flint":6,"minecraft:golden_boots":1,"minecraft:yellow_bed":8,"minecraft:gray_concrete":4,"minecraft:lantern":3,"minecraft:leather_boots":1,"minecraft:bone":20,"minecraft:bow":1,"minecraft:wheat_seeds":52,"minecraft:iron_ingot":10,"minecraft:stone_pickaxe":2,"minecraft:fletching_table":7,"minecraft:moss_block":9,"minecraft:dark_oak_stairs":2,"minecraft:book":1,"minecraft:birch_boat":6,"minecraft:gravel":33,"minecraft:sand":47,"minecraft:jungle_planks":35,"minecraft:ink_sac":3,"minecraft:white_bed":10,"minecraft:spruce_log":2,"minecraft:acacia_stairs":1,"minecraft:jungle_slab":1,"minecraft:barrel":1,"alexsmobs:animal_dictionary":3,"minecraft:light_gray_concrete":5,"alexsmobs:kangaroo_hide":8,"minecraft:slime_ball":3,"minecraft:stone_axe":3,"minecraft:writable_book":1,"minecraft:iron_helmet":1,"minecraft:gray_wool":3,"minecraft:bread":33,"minecraft:emerald":3,"minecraft:damaged_anvil":1,"minecraft:coal":24},"minecraft:custom":{"minecraft:interact_with_anvil":5,"minecraft:mob_kills":41,"minecraft:animals_bred":1,"minecraft:interact_with_crafting_table":13,"minecraft:open_barrel":31,"minecraft:leave_game":13,"minecraft:time_since_death":199465,"minecraft:climb_one_cm":19502,"minecraft:sprint_one_cm":564075,"minecraft:walk_one_cm":803429,"minecraft:drop":77,"minecraft:talked_to_villager":21,"minecraft:play_time":320489,"minecraft:deaths":1,"minecraft:sneak_time":7112,"minecraft:walk_under_water_one_cm":18212,"minecraft:boat_one_cm":154935,"minecraft:jump":4722,"minecraft:interact_with_blast_furnace":1,"minecraft:walk_on_water_one_cm":39622,"minecraft:total_world_time":320489,"minecraft:interact_with_furnace":15,"minecraft:sleep_in_bed":16,"minecraft:time_since_rest":5677,"minecraft:damage_taken":2217,"minecraft:damage_dealt":7536,"minecraft:swim_one_cm":153020,"minecraft:fly_one_cm":944020,"minecraft:open_chest":109,"minecraft:crouch_one_cm":24343,"minecraft:interact_with_smoker":1,"minecraft:fish_caught":19,"minecraft:fall_one_cm":98599,"minecraft:inspect_dispenser":1},"minecraft:mined":{"minecraft:dark_oak_planks":3,"minecraft:spruce_planks":1,"minecraft:white_bed":9,"minecraft:quartz_stairs":1,"minecraft:jungle_slab":1,"minecraft:acacia_log":1,"minecraft:jungle_planks":11,"minecraft:jungle_log":1,"minecraft:sandstone":4,"minecraft:packed_mud":1,"minecraft:barrel":1,"minecraft:acacia_wood":3,"minecraft:acacia_stairs":1,"minecraft:black_concrete":6,"minecraft:fletching_table":7,"minecraft:dark_oak_stairs":2,"minecraft:lantern":3,"minecraft:light_gray_concrete":4,"minecraft:azalea_leaves":2,"minecraft:stone":19,"minecraft:player_head":4,"minecraft:spruce_slab":7,"minecraft:tripwire":1,"minecraft:acacia_leaves":3,"minecraft:crafting_table":4,"minecraft:melon":4,"minecraft:chest":3,"minecraft:tall_grass":3,"minecraft:damaged_anvil":1,"minecraft:wall_torch":3,"minecraft:gray_wool":3,"minecraft:birch_log":16,"minecraft:wheat":14,"minecraft:yellow_bed":7,"minecraft:grass":49,"minecraft:sand":48,"minecraft:gravel":35,"minecraft:smooth_quartz":6,"minecraft:fern":1},"minecraft:killed_by":{"alexsmobs:komodo_dragon":1},"minecraft:crafted":{"minecraft:stone_shovel":1,"minecraft:birch_boat":1,"minecraft:bow":1,"minecraft:iron_axe":1,"minecraft:stone_pickaxe":1,"minecraft:chest":1,"alexsmobs:flying_fish_boots":1,"minecraft:birch_sign":3,"minecraft:cooked_cod":23,"minecraft:crafting_table":2,"minecraft:wooden_pickaxe":1,"minecraft:iron_sword":1,"minecraft:cooked_salmon":2,"minecraft:fletching_table":1,"minecraft:birch_planks":48,"minecraft:stone_axe":1,"minecraft:air":0,"minecraft:jungle_planks":28,"minecraft:stick":28,"minecraft:stone_sword":1,"minecraft:iron_shovel":1,"alexsmobs:emu_leggings":1,"minecraft:acacia_planks":4,"minecraft:torch":16},"minecraft:broken":{"minecraft:stone_sword":1,"minecraft:fishing_rod":1}},"DataVersion":3465}