{"stats":{"minecraft:custom":{"minecraft:interact_with_furnace":7,"minecraft:mob_kills":8,"minecraft:interact_with_crafting_table":5,"minecraft:open_barrel":14,"minecraft:leave_game":11,"minecraft:time_since_death":34116,"minecraft:sleep_in_bed":4,"minecraft:climb_one_cm":2735,"minecraft:time_since_rest":4079,"minecraft:sprint_one_cm":162948,"minecraft:damage_taken":999,"minecraft:walk_one_cm":401124,"minecraft:drop":28,"minecraft:damage_dealt":1733,"minecraft:swim_one_cm":93814,"minecraft:fly_one_cm":277336,"minecraft:open_chest":18,"minecraft:crouch_one_cm":6496,"minecraft:play_time":155140,"minecraft:deaths":1,"minecraft:sneak_time":2105,"minecraft:walk_under_water_one_cm":5231,"minecraft:boat_one_cm":104355,"minecraft:jump":1794,"minecraft:walk_on_water_one_cm":20745,"minecraft:total_world_time":155140,"minecraft:fall_one_cm":35910},"minecraft:crafted":{"minecraft:cooked_cod":23,"minecraft:stone_shovel":1,"minecraft:crafting_table":1,"minecraft:birch_boat":1,"minecraft:wooden_pickaxe":1,"minecraft:birch_planks":48,"minecraft:stone_axe":1,"minecraft:air":0,"minecraft:jungle_planks":28,"minecraft:stick":12,"minecraft:stone_pickaxe":1,"minecraft:stone_sword":1,"minecraft:chest":1},"minecraft:used":{"minecraft:moss_block":5,"minecraft:stone_sword":34,"minecraft:stone_shovel":29,"minecraft:stone_pickaxe":4,"minecraft:spruce_slab":103,"minecraft:birch_boat":3,"minecraft:chest":6,"minecraft:spruce_planks":124,"minecraft:wooden_pickaxe":15,"minecraft:spruce_fence_gate":15,"minecraft:sand":7,"minecraft:crafting_table":4,"minecraft:jungle_planks":9,"minecraft:spruce_stairs":165,"minecraft:white_bed":7,"minecraft:spruce_fence":46,"minecraft:spruce_log":67,"minecraft:lantern":3,"minecraft:bread":20,"minecraft:melon_slice":13,"minecraft:stone_axe":42,"minecraft:glowstone":1,"minecraft:birch_log":4,"alexsmobs:animal_dictionary":7},"minecraft:dropped":{"minecraft:bread":20,"minecraft:stone_axe":1,"minecraft:moss_block":8,"minecraft:dark_oak_stairs":2,"alexsmobs:animal_dictionary":1,"minecraft:stone_sword":1,"minecraft:crafting_table":1,"minecraft:birch_sapling":1,"minecraft:raw_iron":6,"minecraft:cobblestone":6,"minecraft:white_bed":1,"minecraft:spruce_stairs":2,"minecraft:coal":24,"minecraft:stick":16,"alexsmobs:kangaroo_hide":3,"minecraft:jungle_slab":1,"minecraft:packed_mud":1,"minecraft:ink_sac":2,"minecraft:spruce_planks":5,"minecraft:melon_slice":4,"minecraft:azalea":1,"minecraft:spruce_slab":1,"alexsmobs:emu_feather":1,"minecraft:spruce_log":2,"minecraft:wooden_pickaxe":2,"minecraft:dark_oak_planks":3},"minecraft:killed_by":{"alexsmobs:komodo_dragon":1},"minecraft:picked_up":{"minecraft:birch_log":16,"minecraft:fishing_rod":1,"minecraft:crafting_table":6,"minecraft:clay_ball":3,"minecraft:jungle_log":7,"minecraft:golden_leggings":1,"minecraft:wooden_pickaxe":2,"minecraft:birch_planks":35,"minecraft:packed_mud":2,"minecraft:flint":4,"minecraft:golden_boots":1,"minecraft:lantern":3,"minecraft:moss_carpet":1,"minecraft:flint_and_steel":1,"minecraft:bone":2,"alexsmobs:emu_feather":1,"minecraft:gold_nugget":13,"minecraft:iron_ingot":1,"minecraft:spruce_planks":5,"minecraft:stone_pickaxe":2,"minecraft:player_head":1,"minecraft:azalea":1,"minecraft:spruce_slab":1,"minecraft:moss_block":9,"minecraft:melon_slice":24,"minecraft:birch_sapling":1,"minecraft:chest":2,"minecraft:dark_oak_stairs":2,"minecraft:stick":16,"minecraft:raw_iron":10,"minecraft:birch_boat":4,"minecraft:spruce_stairs":2,"minecraft:sand":29,"minecraft:jungle_planks":32,"minecraft:ink_sac":2,"minecraft:white_bed":7,"minecraft:spruce_log":2,"minecraft:jungle_slab":1,"minecraft:golden_chestplate":2,"alexsmobs:animal_dictionary":3,"minecraft:dark_oak_planks":3,"minecraft:rotten_flesh":3,"minecraft:stone_sword":2,"alexsmobs:kangaroo_hide":3,"minecraft:stone_shovel":3,"minecraft:stone_axe":2,"minecraft:bread":33,"minecraft:coal":24,"alexsmobs:kangaroo_meat":3,"alexsmobs:flying_fish":2,"minecraft:cobblestone":21},"minecraft:killed":{"minecraft:zombie":6,"alexsmobs:kangaroo":2},"minecraft:mined":{"minecraft:dark_oak_planks":3,"minecraft:spruce_planks":1,"minecraft:white_bed":6,"minecraft:jungle_slab":1,"minecraft:crafting_table":4,"minecraft:melon":4,"minecraft:jungle_planks":8,"minecraft:chest":2,"minecraft:jungle_log":1,"minecraft:tall_grass":2,"minecraft:packed_mud":1,"minecraft:birch_log":16,"minecraft:dark_oak_stairs":2,"minecraft:grass":4,"minecraft:lantern":3,"minecraft:sand":29,"minecraft:azalea_leaves":2,"minecraft:stone":15,"minecraft:spruce_slab":1,"minecraft:fern":1}},"DataVersion":3465}