{"stats":{"minecraft:custom":{"minecraft:mob_kills":2,"minecraft:interact_with_crafting_table":2,"minecraft:leave_game":11,"minecraft:time_since_death":4335,"minecraft:sleep_in_bed":1,"minecraft:climb_one_cm":1825,"minecraft:time_since_rest":4402,"minecraft:sprint_one_cm":83790,"minecraft:damage_taken":790,"minecraft:walk_one_cm":342837,"minecraft:drop":22,"minecraft:damage_dealt":533,"minecraft:swim_one_cm":62899,"minecraft:fly_one_cm":167062,"minecraft:open_chest":15,"minecraft:crouch_one_cm":5289,"minecraft:play_time":125359,"minecraft:deaths":1,"minecraft:sneak_time":1762,"minecraft:walk_under_water_one_cm":3738,"minecraft:jump":1238,"minecraft:walk_on_water_one_cm":14375,"minecraft:total_world_time":125359,"minecraft:fall_one_cm":23820},"minecraft:crafted":{"minecraft:stone_shovel":1,"minecraft:crafting_table":1,"minecraft:wooden_pickaxe":1,"minecraft:stone_axe":1,"minecraft:jungle_planks":28,"minecraft:stick":12,"minecraft:stone_pickaxe":1,"minecraft:stone_sword":1},"minecraft:used":{"minecraft:moss_block":5,"minecraft:stone_sword":11,"minecraft:spruce_slab":103,"minecraft:stone_pickaxe":1,"minecraft:chest":5,"minecraft:spruce_planks":124,"minecraft:wooden_pickaxe":15,"minecraft:spruce_fence_gate":15,"minecraft:sand":7,"minecraft:crafting_table":2,"minecraft:jungle_planks":7,"minecraft:spruce_stairs":165,"minecraft:white_bed":2,"minecraft:spruce_fence":46,"minecraft:spruce_log":67,"minecraft:lantern":1,"minecraft:melon_slice":6,"minecraft:bread":14,"minecraft:stone_axe":6,"minecraft:glowstone":1,"alexsmobs:animal_dictionary":7},"minecraft:dropped":{"minecraft:bread":20,"minecraft:stone_axe":1,"minecraft:moss_block":8,"minecraft:stone_sword":1,"alexsmobs:animal_dictionary":1,"minecraft:crafting_table":1,"minecraft:raw_iron":6,"minecraft:cobblestone":6,"minecraft:white_bed":1,"minecraft:spruce_stairs":2,"minecraft:coal":24,"minecraft:stick":16,"alexsmobs:kangaroo_hide":3,"minecraft:packed_mud":1,"minecraft:ink_sac":2,"minecraft:spruce_planks":4,"minecraft:melon_slice":4,"minecraft:azalea":1,"alexsmobs:emu_feather":1,"minecraft:spruce_log":2,"minecraft:wooden_pickaxe":2},"minecraft:killed_by":{"alexsmobs:komodo_dragon":1},"minecraft:picked_up":{"minecraft:crafting_table":4,"minecraft:clay_ball":3,"minecraft:jungle_log":7,"minecraft:wooden_pickaxe":2,"minecraft:packed_mud":2,"minecraft:moss_carpet":1,"alexsmobs:emu_feather":1,"minecraft:spruce_planks":4,"minecraft:stone_pickaxe":1,"minecraft:azalea":1,"minecraft:melon_slice":14,"minecraft:moss_block":9,"minecraft:stick":16,"minecraft:raw_iron":8,"minecraft:spruce_stairs":2,"minecraft:jungle_planks":16,"minecraft:ink_sac":2,"minecraft:white_bed":3,"minecraft:spruce_log":2,"alexsmobs:animal_dictionary":2,"minecraft:stone_sword":2,"alexsmobs:kangaroo_hide":3,"minecraft:stone_shovel":2,"minecraft:stone_axe":2,"minecraft:bread":33,"alexsmobs:kangaroo_meat":3,"minecraft:coal":24,"alexsmobs:flying_fish":2,"minecraft:cobblestone":21},"minecraft:killed":{"alexsmobs:kangaroo":2},"minecraft:mined":{"minecraft:white_bed":2,"minecraft:crafting_table":2,"minecraft:melon":2,"minecraft:jungle_planks":4,"minecraft:jungle_log":1,"minecraft:tall_grass":2,"minecraft:packed_mud":1,"minecraft:grass":4,"minecraft:azalea_leaves":2,"minecraft:stone":15,"minecraft:fern":1}},"DataVersion":3465}