{"stats":{"minecraft:custom":{"minecraft:time_since_rest":54589,"minecraft:open_chest":8,"minecraft:crouch_one_cm":2084,"minecraft:sprint_one_cm":4288,"minecraft:play_time":54589,"minecraft:walk_one_cm":236069,"minecraft:sneak_time":833,"minecraft:walk_under_water_one_cm":944,"minecraft:jump":437,"minecraft:damage_dealt":10,"minecraft:leave_game":1,"minecraft:walk_on_water_one_cm":3449,"minecraft:time_since_death":54589,"minecraft:climb_one_cm":1061,"minecraft:total_world_time":54589,"minecraft:swim_one_cm":31022,"minecraft:fall_one_cm":3344,"minecraft:fly_one_cm":18994},"minecraft:used":{"minecraft:glowstone":1,"minecraft:sand":7,"minecraft:lantern":1,"minecraft:spruce_slab":103,"minecraft:spruce_stairs":159,"alexsmobs:animal_dictionary":1,"minecraft:spruce_planks":120,"minecraft:chest":5,"minecraft:spruce_fence":46,"minecraft:spruce_log":60,"minecraft:spruce_fence_gate":12},"minecraft:picked_up":{"alexsmobs:flying_fish":2,"minecraft:moss_carpet":1}},"DataVersion":3465}