{"stats":{"minecraft:custom":{"minecraft:mob_kills":16,"minecraft:interact_with_crafting_table":7,"minecraft:open_barrel":30,"minecraft:leave_game":11,"minecraft:time_since_death":58116,"minecraft:climb_one_cm":2735,"minecraft:sprint_one_cm":194030,"minecraft:walk_one_cm":433775,"minecraft:drop":40,"minecraft:play_time":179140,"minecraft:deaths":1,"minecraft:sneak_time":2448,"minecraft:walk_under_water_one_cm":8414,"minecraft:boat_one_cm":154935,"minecraft:jump":2118,"minecraft:walk_on_water_one_cm":23289,"minecraft:total_world_time":179140,"minecraft:interact_with_furnace":10,"minecraft:sleep_in_bed":6,"minecraft:time_since_rest":2320,"minecraft:damage_taken":1070,"minecraft:damage_dealt":3139,"minecraft:swim_one_cm":102555,"minecraft:fly_one_cm":356015,"minecraft:open_chest":22,"minecraft:crouch_one_cm":7125,"minecraft:fish_caught":19,"minecraft:fall_one_cm":42590},"minecraft:crafted":{"minecraft:stone_shovel":1,"minecraft:birch_boat":1,"minecraft:stone_pickaxe":1,"minecraft:chest":1,"minecraft:birch_sign":3,"minecraft:cooked_cod":23,"minecraft:crafting_table":1,"minecraft:wooden_pickaxe":1,"minecraft:cooked_salmon":2,"minecraft:birch_planks":48,"minecraft:stone_axe":1,"minecraft:air":0,"minecraft:jungle_planks":28,"minecraft:stick":16,"minecraft:stone_sword":1},"minecraft:used":{"minecraft:moss_block":5,"minecraft:writable_book":1,"minecraft:stone_sword":63,"minecraft:spruce_slab":103,"minecraft:stone_shovel":48,"minecraft:spruce_planks":124,"minecraft:chest":6,"minecraft:player_head":1,"minecraft:jungle_planks":9,"minecraft:spruce_stairs":165,"minecraft:spruce_fence":46,"majruszsdifficulty:angler_treasure_bag":1,"minecraft:lantern":4,"minecraft:item_frame":1,"minecraft:glowstone":1,"minecraft:glass_bottle":1,"minecraft:stone_pickaxe":8,"minecraft:wooden_pickaxe":15,"minecraft:birch_boat":5,"minecraft:sandstone":3,"minecraft:spruce_fence_gate":15,"minecraft:sand":7,"minecraft:crafting_table":4,"minecraft:birch_sign":1,"minecraft:white_bed":9,"minecraft:spruce_log":67,"minecraft:melon_slice":13,"minecraft:bread":24,"minecraft:stone_axe":47,"minecraft:fishing_rod":23,"minecraft:potion":1,"minecraft:birch_log":4,"alexsmobs:animal_dictionary":7,"minecraft:experience_bottle":2},"minecraft:dropped":{"minecraft:bread":20,"minecraft:moss_block":8,"minecraft:dark_oak_stairs":2,"minecraft:crafting_table":1,"minecraft:cobblestone":6,"minecraft:tropical_fish":1,"minecraft:spruce_stairs":2,"minecraft:coal":24,"minecraft:cod":12,"minecraft:stick":16,"minecraft:pufferfish":3,"minecraft:packed_mud":1,"minecraft:jungle_slab":1,"minecraft:ink_sac":3,"minecraft:melon_slice":4,"alexsmobs:emu_feather":1,"minecraft:dark_oak_planks":3,"minecraft:stone_axe":1,"minecraft:golden_chestplate":1,"minecraft:stone_sword":1,"alexsmobs:animal_dictionary":1,"minecraft:birch_sapling":1,"minecraft:raw_iron":6,"minecraft:white_bed":1,"minecraft:salmon":3,"alexsmobs:kangaroo_hide":3,"minecraft:spruce_planks":5,"minecraft:leather_boots":1,"minecraft:azalea":1,"minecraft:spruce_log":2,"minecraft:spruce_slab":1,"minecraft:sandstone":1,"minecraft:wooden_pickaxe":2},"minecraft:killed_by":{"alexsmobs:komodo_dragon":1},"minecraft:picked_up":{"minecraft:fishing_rod":5,"minecraft:crafting_table":6,"minecraft:clay_ball":3,"minecraft:wooden_pickaxe":2,"minecraft:enchanted_book":2,"minecraft:moss_carpet":1,"minecraft:flint_and_steel":1,"minecraft:item_frame":1,"minecraft:pufferfish":4,"minecraft:experience_bottle":2,"alexsmobs:emu_feather":1,"minecraft:gold_nugget":13,"minecraft:spruce_planks":5,"minecraft:player_head":4,"minecraft:azalea":1,"minecraft:spruce_slab":1,"minecraft:melon_slice":24,"minecraft:chest":2,"minecraft:birch_sapling":1,"minecraft:stick":16,"minecraft:raw_iron":10,"minecraft:sandstone":4,"minecraft:spruce_stairs":2,"minecraft:golden_chestplate":3,"minecraft:dark_oak_planks":3,"minecraft:stone_sword":2,"minecraft:stone_shovel":3,"minecraft:rotten_flesh":9,"minecraft:gold_ingot":1,"minecraft:cod":12,"alexsmobs:kangaroo_meat":3,"alexsmobs:flying_fish":4,"minecraft:cobblestone":21,"minecraft:birch_log":16,"minecraft:leather_chestplate":2,"minecraft:jungle_log":7,"minecraft:salmon":3,"minecraft:golden_leggings":1,"minecraft:birch_planks":35,"minecraft:packed_mud":2,"minecraft:flint":4,"minecraft:golden_boots":1,"minecraft:lantern":3,"minecraft:leather_boots":1,"minecraft:bone":2,"minecraft:bow":1,"minecraft:stone_pickaxe":2,"minecraft:iron_ingot":2,"minecraft:moss_block":9,"minecraft:dark_oak_stairs":2,"minecraft:book":1,"minecraft:birch_boat":6,"minecraft:jungle_planks":34,"minecraft:sand":47,"minecraft:ink_sac":3,"minecraft:white_bed":10,"minecraft:spruce_log":2,"minecraft:jungle_slab":1,"alexsmobs:animal_dictionary":3,"alexsmobs:kangaroo_hide":3,"minecraft:stone_axe":2,"minecraft:writable_book":1,"minecraft:bread":33,"minecraft:coal":24},"minecraft:broken":{"minecraft:fishing_rod":1},"minecraft:killed":{"alexsmobs:kangaroo":2,"alexsmobs:flying_fish":1,"minecraft:zombie":13},"minecraft:mined":{"minecraft:dark_oak_planks":3,"minecraft:spruce_planks":1,"minecraft:white_bed":9,"minecraft:jungle_slab":1,"minecraft:jungle_planks":10,"minecraft:jungle_log":1,"minecraft:sandstone":4,"minecraft:packed_mud":1,"minecraft:dark_oak_stairs":2,"minecraft:lantern":3,"minecraft:azalea_leaves":2,"minecraft:stone":15,"minecraft:spruce_slab":1,"minecraft:crafting_table":4,"minecraft:melon":4,"minecraft:chest":3,"minecraft:tall_grass":2,"minecraft:birch_log":16,"minecraft:grass":4,"minecraft:sand":48,"minecraft:fern":1}},"DataVersion":3465}