{"stats":{"minecraft:custom":{"minecraft:time_since_rest":78471,"minecraft:open_chest":10,"minecraft:crouch_one_cm":2084,"minecraft:sprint_one_cm":34900,"minecraft:play_time":78471,"minecraft:walk_one_cm":279209,"minecraft:sneak_time":837,"minecraft:walk_under_water_one_cm":2300,"minecraft:jump":717,"minecraft:damage_dealt":10,"minecraft:leave_game":5,"minecraft:walk_on_water_one_cm":5573,"minecraft:time_since_death":78471,"minecraft:climb_one_cm":1631,"minecraft:total_world_time":78471,"minecraft:swim_one_cm":40777,"minecraft:fall_one_cm":10357,"minecraft:fly_one_cm":81345},"minecraft:used":{"minecraft:glowstone":1,"minecraft:sand":7,"minecraft:lantern":1,"minecraft:melon_slice":6,"minecraft:spruce_slab":103,"minecraft:spruce_stairs":159,"alexsmobs:animal_dictionary":2,"minecraft:chest":5,"minecraft:spruce_planks":120,"minecraft:spruce_fence":46,"minecraft:spruce_log":60,"minecraft:spruce_fence_gate":12},"minecraft:picked_up":{"minecraft:melon_slice":10,"alexsmobs:flying_fish":2,"minecraft:moss_carpet":1},"minecraft:mined":{"minecraft:grass":2,"minecraft:melon":2}},"DataVersion":3465}