{"stats":{"minecraft:killed_by":{"alexsmobs:centipede_head":1,"minecraft:skeleton":4,"minecraft:zombie":2,"alexsmobs:komodo_dragon":2,"alexsmobs:rattlesnake":1},"minecraft:crafted":{"minecraft:oak_planks":100,"minecraft:stone_shovel":2,"minecraft:furnace":4,"minecraft:bone_meal":18,"minecraft:iron_boots":1,"minecraft:iron_axe":1,"minecraft:stone_pickaxe":5,"minecraft:chest":2,"minecraft:crafting_table":7,"minecraft:spruce_planks":28,"minecraft:jungle_boat":1,"minecraft:wooden_pickaxe":23,"minecraft:iron_helmet":1,"minecraft:iron_sword":1,"minecraft:bucket":1,"minecraft:stone_axe":1,"minecraft:jungle_slab":12,"minecraft:air":0,"minecraft:jungle_planks":100,"minecraft:iron_chestplate":1,"minecraft:shield":2,"minecraft:stick":160,"minecraft:iron_ingot":80,"minecraft:iron_pickaxe":3,"minecraft:stone_sword":1,"minecraft:iron_shovel":1,"minecraft:iron_leggings":1,"minecraft:acacia_planks":4,"minecraft:torch":272,"minecraft:clay":2},"minecraft:mined":{"minecraft:tuff":2,"minecraft:spruce_planks":1,"minecraft:white_bed":2,"minecraft:deepslate_diamond_ore":12,"minecraft:jungle_leaves":1,"minecraft:acacia_log":1,"minecraft:grass_block":33,"minecraft:jungle_log":33,"minecraft:redstone_wire":1,"minecraft:moss_block":47,"minecraft:sandstone":10,"minecraft:rooted_dirt":4,"minecraft:spawner":1,"minecraft:tall_seagrass":2,"minecraft:furnace":5,"minecraft:iron_ore":141,"minecraft:cobbled_deepslate":10,"minecraft:acacia_stairs":1,"minecraft:andesite":93,"minecraft:moss_carpet":1,"minecraft:vine":5,"minecraft:cave_vines":3,"minecraft:deepslate_iron_ore":21,"minecraft:rail":2,"minecraft:azalea_leaves":2,"minecraft:stone":270,"minecraft:white_wool":2,"minecraft:potted_allium":1,"minecraft:podzol":10,"minecraft:glass_pane":2,"minecraft:acacia_leaves":4,"minecraft:clay":5,"minecraft:crafting_table":8,"minecraft:torch":12,"minecraft:calcite":2,"minecraft:melon":5,"minecraft:dead_bush":13,"minecraft:copper_ore":2,"minecraft:tall_grass":9,"minecraft:cobblestone":28,"minecraft:lapis_ore":5,"minecraft:oak_planks":10,"minecraft:sugar_cane":19,"minecraft:iron_door":3,"minecraft:wall_torch":10,"minecraft:big_dripleaf":1,"minecraft:coarse_dirt":14,"minecraft:grass":180,"minecraft:oak_log":25,"minecraft:coal_ore":86,"minecraft:zombie_head":1,"minecraft:gravel":93,"minecraft:dirt":68,"minecraft:sand":2,"minecraft:cobweb":18,"minecraft:smooth_basalt":3,"minecraft:small_dripleaf":4,"minecraft:oak_leaves":35,"minecraft:deepslate":123,"minecraft:fern":24},"minecraft:picked_up":{"minecraft:crafting_table":11,"minecraft:iron_chestplate":1,"minecraft:coarse_dirt":17,"minecraft:clay_ball":39,"minecraft:lead":1,"minecraft:wooden_pickaxe":25,"minecraft:enchanted_book":9,"minecraft:shield":2,"minecraft:string":29,"minecraft:moss_carpet":1,"minecraft:raw_copper":14,"minecraft:iron_axe":1,"minecraft:iron_leggings":1,"minecraft:item_frame":11,"minecraft:experience_bottle":12,"minecraft:iron_shovel":2,"minecraft:zombie_head":1,"alexsmobs:emu_feather":3,"minecraft:cobbled_deepslate":178,"minecraft:spruce_planks":6,"minecraft:player_head":1,"minecraft:iron_pickaxe":4,"minecraft:melon_slice":42,"minecraft:sugar_cane":53,"minecraft:iron_boots":1,"minecraft:furnace":10,"minecraft:stick":40,"minecraft:raw_iron":301,"minecraft:sandstone":10,"minecraft:big_dripleaf":2,"minecraft:oak_fence":2,"minecraft:torch":65,"minecraft:acacia_log":1,"minecraft:spruce_stairs":6,"minecraft:porkchop":14,"minecraft:carrot":2,"minecraft:redstone":3,"minecraft:stone_sword":2,"minecraft:arrow":9,"minecraft:rotten_flesh":20,"minecraft:stone_shovel":1,"minecraft:leather_horse_armor":1,"minecraft:gold_ingot":11,"minecraft:rail":2,"minecraft:glow_berries":150,"minecraft:mutton":5,"minecraft:cod":2,"alexsmobs:flying_fish":2,"alexsmobs:kangaroo_meat":3,"minecraft:white_wool":6,"minecraft:cobblestone":345,"minecraft:jungle_boat":2,"minecraft:iron_door":3,"minecraft:glow_ink_sac":8,"minecraft:water_bucket":1,"minecraft:andesite":94,"minecraft:salmon":3,"minecraft:jungle_log":27,"minecraft:leather":4,"minecraft:packed_mud":2,"minecraft:flint":17,"minecraft:tuff":2,"minecraft:oak_log":25,"minecraft:gunpowder":14,"minecraft:lapis_lazuli":61,"minecraft:dirt":137,"minecraft:cooked_mutton":1,"minecraft:bone":11,"minecraft:apple":3,"minecraft:bow":3,"minecraft:wheat_seeds":24,"minecraft:iron_ingot":54,"minecraft:stone_pickaxe":1,"minecraft:moss_block":64,"minecraft:iron_sword":1,"minecraft:oak_planks":45,"minecraft:book":12,"minecraft:smooth_basalt":3,"minecraft:cooked_porkchop":1,"minecraft:gravel":80,"minecraft:sand":2,"minecraft:soul_torch":1,"minecraft:white_bed":4,"minecraft:spruce_log":9,"minecraft:acacia_stairs":2,"minecraft:spider_eye":1,"alexsmobs:animal_dictionary":2,"minecraft:iron_hoe":1,"alexsmobs:kangaroo_hide":9,"minecraft:diamond":14,"minecraft:stone_axe":2,"minecraft:writable_book":1,"minecraft:iron_helmet":1,"minecraft:emerald":5,"minecraft:bread":31,"alexsmobs:maggot":2,"minecraft:rooted_dirt":4,"minecraft:oak_sapling":5,"minecraft:coal":208,"minecraft:ender_pearl":1},"minecraft:killed":{"minecraft:cave_spider":1,"minecraft:witch":1,"minecraft:spider":4,"minecraft:skeleton":17,"alexsmobs:kangaroo":2,"alexsmobs:flying_fish":1,"minecraft:husk":4,"minecraft:pig":3,"minecraft:salmon":3,"alexsmobs:emu":1,"minecraft:sheep":4,"minecraft:zombie":24,"alexsmobs:cockroach":1,"alexsmobs:roadrunner":1,"alexsmobs:fly":2},"minecraft:custom":{"minecraft:mob_kills":72,"minecraft:interact_with_crafting_table":37,"minecraft:leave_game":10,"minecraft:time_since_death":27320,"minecraft:climb_one_cm":18723,"minecraft:sprint_one_cm":647388,"minecraft:walk_one_cm":508903,"minecraft:damage_blocked_by_shield":1260,"minecraft:drop":50,"minecraft:play_time":300365,"minecraft:sneak_time":24507,"minecraft:deaths":17,"minecraft:walk_under_water_one_cm":42211,"minecraft:boat_one_cm":137655,"minecraft:jump":7326,"minecraft:walk_on_water_one_cm":53594,"minecraft:total_world_time":300365,"minecraft:interact_with_furnace":20,"minecraft:sleep_in_bed":2,"minecraft:time_since_rest":27354,"minecraft:damage_taken":7139,"minecraft:damage_dealt":12695,"minecraft:swim_one_cm":156897,"minecraft:fly_one_cm":1290050,"minecraft:open_chest":65,"minecraft:crouch_one_cm":60893,"minecraft:fall_one_cm":244468},"minecraft:broken":{"minecraft:wooden_pickaxe":2},"minecraft:used":{"minecraft:moss_block":13,"minecraft:moss_carpet":1,"minecraft:writable_book":1,"minecraft:stone_sword":59,"minecraft:iron_shovel":58,"minecraft:stone_shovel":22,"minecraft:redstone":1,"minecraft:chest":2,"minecraft:spruce_planks":1,"minecraft:shield":53,"minecraft:iron_sword":175,"minecraft:torch":356,"minecraft:dirt":114,"minecraft:mutton":5,"minecraft:tuff":1,"minecraft:axolotl_bucket":4,"minecraft:lava_bucket":10,"minecraft:iron_axe":14,"minecraft:rooted_dirt":4,"minecraft:jungle_log":2,"minecraft:item_frame":9,"minecraft:oak_sapling":5,"minecraft:furnace":5,"minecraft:iron_leggings":1,"minecraft:cobbled_deepslate":75,"minecraft:cooked_mutton":1,"minecraft:water_bucket":23,"minecraft:stone_pickaxe":146,"minecraft:oak_planks":2,"minecraft:leather_boots":1,"minecraft:leather_chestplate":1,"minecraft:wooden_pickaxe":311,"minecraft:clay":2,"minecraft:sandstone":10,"minecraft:sugar_cane":1,"minecraft:jungle_boat":2,"minecraft:white_wool":6,"minecraft:salmon":3,"minecraft:glow_berries":149,"minecraft:sand":2,"minecraft:crafting_table":13,"minecraft:white_bed":2,"minecraft:acacia_stairs":1,"minecraft:apple":1,"minecraft:melon_slice":24,"minecraft:bread":29,"minecraft:iron_pickaxe":475,"minecraft:iron_door":1,"minecraft:gravel":42,"minecraft:stone_axe":26,"minecraft:cobblestone":136,"minecraft:andesite":79,"minecraft:bucket":38,"alexsmobs:animal_dictionary":3,"minecraft:coarse_dirt":13,"minecraft:bone_meal":18,"minecraft:experience_bottle":12,"minecraft:soul_torch":1},"minecraft:dropped":{"minecraft:enchanted_book":2,"minecraft:moss_block":2,"minecraft:wheat_seeds":9,"minecraft:glow_berries":1,"minecraft:apple":2,"minecraft:cod":2,"minecraft:item_frame":3,"minecraft:stick":2,"minecraft:leather_horse_armor":1,"minecraft:iron_pickaxe":2,"minecraft:smooth_basalt":3,"minecraft:sugar_cane":12,"minecraft:player_head":1,"minecraft:tuff":1,"minecraft:raw_iron":3,"minecraft:rotten_flesh":2,"minecraft:clay_ball":3,"minecraft:acacia_stairs":1,"minecraft:carrot":2,"minecraft:spruce_planks":6,"minecraft:andesite":1,"minecraft:leather_boots":1,"minecraft:spider_eye":1,"minecraft:arrow":5,"minecraft:stone_pickaxe":1,"minecraft:wooden_pickaxe":4}},"DataVersion":3465}