{"stats":{"minecraft:custom":{"minecraft:mob_kills":14,"minecraft:interact_with_crafting_table":5,"minecraft:leave_game":2,"minecraft:time_since_death":11077,"minecraft:sleep_in_bed":1,"minecraft:climb_one_cm":747,"minecraft:time_since_rest":11114,"minecraft:sprint_one_cm":49807,"minecraft:damage_taken":760,"minecraft:walk_one_cm":174850,"minecraft:drop":9,"minecraft:damage_dealt":2098,"minecraft:swim_one_cm":24750,"minecraft:fly_one_cm":145624,"minecraft:open_chest":16,"minecraft:crouch_one_cm":5737,"minecraft:play_time":99131,"minecraft:deaths":2,"minecraft:sneak_time":1828,"minecraft:walk_under_water_one_cm":1350,"minecraft:jump":980,"minecraft:walk_on_water_one_cm":4590,"minecraft:total_world_time":99131,"minecraft:fall_one_cm":25748},"minecraft:crafted":{"minecraft:stone_shovel":2,"minecraft:crafting_table":1,"minecraft:spruce_planks":20,"minecraft:wooden_pickaxe":1,"minecraft:stone_axe":1,"minecraft:stick":20,"minecraft:stone_pickaxe":2,"minecraft:stone_sword":1,"minecraft:clay":2},"minecraft:used":{"minecraft:moss_block":3,"minecraft:moss_carpet":1,"minecraft:stone_sword":23,"minecraft:stone_shovel":4,"minecraft:stone_pickaxe":35,"minecraft:spruce_planks":1,"minecraft:wooden_pickaxe":30,"minecraft:sandstone":10,"minecraft:clay":2,"minecraft:dirt":3,"minecraft:crafting_table":2,"minecraft:white_bed":1,"minecraft:bread":8,"minecraft:jungle_log":2,"minecraft:stone_axe":12,"minecraft:cobblestone":14,"alexsmobs:animal_dictionary":3,"minecraft:coarse_dirt":1},"minecraft:dropped":{"minecraft:moss_block":1,"minecraft:raw_iron":3,"minecraft:clay_ball":3,"minecraft:wooden_pickaxe":2},"minecraft:killed_by":{"alexsmobs:komodo_dragon":1},"minecraft:picked_up":{"minecraft:coarse_dirt":1,"minecraft:crafting_table":3,"minecraft:clay_ball":11,"minecraft:jungle_log":2,"minecraft:wooden_pickaxe":3,"minecraft:packed_mud":1,"minecraft:dirt":5,"minecraft:moss_carpet":1,"alexsmobs:emu_feather":2,"minecraft:spruce_planks":6,"minecraft:melon_slice":4,"minecraft:moss_block":20,"minecraft:sugar_cane":10,"minecraft:stick":18,"minecraft:raw_iron":13,"minecraft:sandstone":10,"minecraft:spruce_stairs":4,"minecraft:porkchop":5,"minecraft:white_bed":2,"minecraft:spruce_log":9,"alexsmobs:animal_dictionary":1,"minecraft:stone_sword":1,"alexsmobs:kangaroo_hide":6,"minecraft:rotten_flesh":1,"minecraft:stone_axe":1,"minecraft:bread":20,"alexsmobs:maggot":2,"alexsmobs:kangaroo_meat":3,"minecraft:coal":48,"alexsmobs:flying_fish":2,"minecraft:cobblestone":29},"minecraft:killed":{"minecraft:husk":4,"minecraft:pig":2,"alexsmobs:emu":1,"minecraft:zombie":1,"alexsmobs:roadrunner":1,"alexsmobs:fly":2,"alexsmobs:kangaroo":2,"alexsmobs:flying_fish":1},"minecraft:mined":{"minecraft:spruce_planks":1,"minecraft:white_bed":1,"minecraft:clay":2,"minecraft:crafting_table":2,"minecraft:grass_block":1,"minecraft:jungle_log":8,"minecraft:dead_bush":1,"minecraft:tall_grass":1,"minecraft:moss_block":11,"minecraft:sugar_cane":5,"minecraft:sandstone":10,"minecraft:coarse_dirt":1,"minecraft:iron_ore":6,"minecraft:moss_carpet":1,"minecraft:grass":3,"minecraft:coal_ore":24,"minecraft:vine":3,"minecraft:dirt":4,"minecraft:azalea_leaves":1,"minecraft:stone":23,"minecraft:small_dripleaf":3,"minecraft:oak_leaves":1,"minecraft:fern":3}},"DataVersion":3465}