{"stats":{"minecraft:used":{"alexsmobs:emu_egg":4,"minecraft:moss_block":20,"minecraft:writable_book":2,"minecraft:spruce_slab":36,"minecraft:ladder":127,"minecraft:chest":12,"minecraft:stone":30,"majruszsdifficulty:golden_bandage":3,"minecraft:lava_bucket":23,"weaponmaster:wm_broadsword":102,"minecraft:bow":23,"minecraft:furnace":5,"minecraft:oak_sapling":5,"minecraft:acacia_fence":7,"minecraft:mossy_stone_bricks":1,"minecraft:damaged_anvil":6,"minecraft:end_stone_bricks":2,"minecraft:acacia_trapdoor":8,"minecraft:chorus_fruit":6,"alexsmobs:flying_fish_boots":6,"minecraft:wooden_pickaxe":311,"minecraft:leather_chestplate":1,"minecraft:clay":2,"minecraft:jungle_boat":9,"minecraft:glow_berries":149,"minecraft:sand":2,"minecraft:gray_concrete":1,"minecraft:oak_pressure_plate":4,"minecraft:smithing_table":2,"minecraft:oak_boat":3,"minecraft:oak_trapdoor":4,"minecraft:stripped_acacia_wood":6,"minecraft:enchanting_table":1,"minecraft:stone_sword":59,"minecraft:acacia_log":7,"minecraft:armor_stand":4,"minecraft:light_gray_carpet":1,"minecraft:sandstone_wall":1,"minecraft:orange_bed":6,"minecraft:torch":391,"minecraft:yellow_carpet":9,"minecraft:golden_shovel":37,"minecraft:oak_fence_gate":12,"minecraft:polished_diorite":10,"epicfight:iron_greatsword":6,"minecraft:iron_axe":1023,"minecraft:rooted_dirt":6,"minecraft:jungle_log":2,"minecraft:smooth_quartz":4,"minecraft:acacia_planks":133,"minecraft:cobbled_deepslate":75,"minecraft:water_bucket":191,"minecraft:leather_boots":1,"minecraft:salmon":3,"minecraft:orange_carpet":17,"minecraft:oak_slab":15,"minecraft:tnt":2,"minecraft:crafting_table":24,"minecraft:white_bed":3,"minecraft:diamond_pickaxe":51,"majruszsdifficulty:undead_army_treasure_bag":2,"minecraft:diamond_shovel":6,"minecraft:iron_pickaxe":762,"minecraft:spruce_trapdoor":102,"minecraft:cobblestone":141,"minecraft:cooked_porkchop":2,"minecraft:moss_carpet":1,"minecraft:iron_shovel":172,"minecraft:melon":1,"minecraft:bone_block":3,"minecraft:shield":107,"minecraft:iron_sword":839,"minecraft:player_head":7,"minecraft:iron_chestplate":1,"minecraft:mutton":5,"minecraft:pink_terracotta":20,"minecraft:tuff":1,"minecraft:axolotl_bucket":4,"minecraft:obsidian":3,"minecraft:lantern":7,"minecraft:stone_bricks":5,"minecraft:item_frame":10,"minecraft:brown_carpet":34,"minecraft:scaffolding":78,"minecraft:diamond_boots":6,"minecraft:gray_carpet":4,"minecraft:stone_pickaxe":146,"minecraft:oak_planks":111,"minecraft:ender_pearl":2,"minecraft:sandstone":10,"minecraft:redstone_block":4,"minecraft:diamond_axe":152,"minecraft:sugar_cane":1,"minecraft:white_wool":7,"minecraft:yellow_terracotta":2,"minecraft:crossbow":1,"minecraft:lever":2,"minecraft:daylight_detector":1,"minecraft:acacia_door":1,"minecraft:light_gray_concrete":5,"minecraft:cyan_bed":7,"minecraft:bread":213,"minecraft:melon_slice":24,"minecraft:iron_door":1,"minecraft:gravel":42,"minecraft:andesite":79,"minecraft:coarse_dirt":25,"minecraft:bone_meal":18,"minecraft:experience_bottle":12,"minecraft:cobweb":2,"minecraft:oak_fence":34,"minecraft:flint_and_steel":65,"minecraft:white_tulip":1,"minecraft:stone_shovel":22,"minecraft:redstone":7,"minecraft:spruce_planks":81,"minecraft:dirt":303,"minecraft:white_carpet":18,"minecraft:spruce_stairs":64,"minecraft:iron_hoe":76,"minecraft:bookshelf":33,"minecraft:oak_stairs":12,"minecraft:golden_carrot":27,"minecraft:pumpkin":5,"minecraft:iron_leggings":1,"minecraft:cooked_mutton":1,"minecraft:acacia_boat":1,"minecraft:spruce_sign":20,"minecraft:terracotta":2,"minecraft:brown_banner":15,"minecraft:piston":5,"minecraft:flower_pot":2,"minecraft:acacia_stairs":1,"minecraft:apple":2,"minecraft:map":2,"minecraft:stone_axe":26,"weaponmaster:wm_rapier":1,"minecraft:bucket":219,"alexsmobs:animal_dictionary":3,"minecraft:smooth_stone":1,"minecraft:splash_potion":2,"minecraft:soul_torch":1},"minecraft:broken":{"minecraft:iron_chestplate":1,"minecraft:wooden_pickaxe":2,"minecraft:iron_axe":3,"minecraft:golden_shovel":1,"minecraft:flint_and_steel":1},"minecraft:killed":{"minecraft:cave_spider":1,"minecraft:skeleton":79,"minecraft:chicken":1,"minecraft:salmon":3,"majruszsdifficulty:tank":1,"minecraft:zombie":91,"alexsmobs:maned_wolf":1,"alexsmobs:roadrunner":1,"minecraft:cow":4,"majruszsdifficulty:illusioner":1,"minecraft:husk":12,"minecraft:frog":2,"majruszsdifficulty:cursed_armor":1,"alexsmobs:catfish":1,"minecraft:enderman":1,"minecraft:witch":1,"minecraft:spider":25,"alexsmobs:kangaroo":3,"minecraft:pig":5,"minecraft:creeper":4,"minecraft:sheep":4,"alexsmobs:terrapin":1,"alexsmobs:fly":4,"minecraft:phantom":2,"alexsmobs:flying_fish":1,"alexsmobs:skunk":1,"minecraft:hoglin":32,"alexsmobs:emu":4,"alexsmobs:cockroach":1,"alexsmobs:gazelle":3,"minecraft:wither_skeleton":22,"minecraft:villager":5},"minecraft:mined":{"minecraft:white_bed":3,"minecraft:jungle_leaves":1,"minecraft:obsidian":6,"minecraft:acacia_log":102,"minecraft:stone_brick_wall":3,"minecraft:yellow_carpet":6,"minecraft:jungle_log":33,"minecraft:oak_pressure_plate":2,"minecraft:coal_block":52,"minecraft:spawner":16,"minecraft:potted_fern":1,"minecraft:tall_seagrass":2,"minecraft:cobbled_deepslate":10,"minecraft:fire":54,"minecraft:pumpkin":13,"minecraft:moss_carpet":1,"minecraft:cave_vines":3,"minecraft:quartz_slab":2,"minecraft:oak_stairs":10,"minecraft:light_gray_concrete":15,"minecraft:white_banner":1,"minecraft:player_head":3,"minecraft:tripwire":3,"minecraft:orange_bed":9,"minecraft:piston_head":2,"minecraft:player_wall_head":3,"minecraft:torch":14,"minecraft:blast_furnace":1,"minecraft:melon":10,"minecraft:dead_bush":13,"minecraft:spruce_wall_sign":3,"minecraft:cyan_bed":7,"minecraft:sugar_cane":19,"minecraft:damaged_anvil":8,"minecraft:spruce_sign":4,"minecraft:skeleton_skull":1,"minecraft:chain":4,"minecraft:light_gray_stained_glass":2,"minecraft:stone_brick_stairs":3,"minecraft:grass":353,"minecraft:oak_fence_gate":4,"minecraft:smooth_quartz":15,"minecraft:sandstone_wall":1,"minecraft:smooth_basalt":3,"minecraft:piston":5,"minecraft:deepslate":123,"minecraft:yellow_terracotta":6,"minecraft:light_blue_stained_glass_pane":4,"minecraft:spruce_fence":1,"minecraft:jungle_planks":1,"minecraft:redstone_wire":13,"minecraft:moss_block":49,"minecraft:black_stained_glass_pane":2,"minecraft:acacia_trapdoor":8,"minecraft:andesite":93,"minecraft:vine":5,"minecraft:rail":2,"minecraft:smooth_quartz_stairs":1,"minecraft:bone_block":6,"minecraft:white_wool":4,"minecraft:potted_allium":1,"minecraft:smithing_table":4,"minecraft:oak_slab":9,"minecraft:light_gray_carpet":1,"minecraft:redstone_block":5,"minecraft:gray_concrete":4,"minecraft:glass_pane":6,"minecraft:brown_carpet":3,"minecraft:potted_oxeye_daisy":1,"minecraft:tall_grass":30,"minecraft:copper_ore":2,"minecraft:diorite":1,"minecraft:orange_carpet":28,"minecraft:big_dripleaf":1,"minecraft:coarse_dirt":21,"minecraft:white_carpet":24,"minecraft:birch_leaves":6,"minecraft:zombie_head":1,"minecraft:gravel":93,"minecraft:acacia_door":2,"minecraft:cobweb":19,"minecraft:acacia_planks":40,"minecraft:stone_bricks":16,"minecraft:fern":24,"minecraft:spruce_planks":100,"minecraft:cobblestone_stairs":14,"minecraft:spruce_trapdoor":139,"minecraft:grass_block":152,"minecraft:polished_diorite":12,"minecraft:smooth_stone":1,"minecraft:potted_birch_sapling":1,"minecraft:iron_ore":141,"minecraft:iron_bars":1,"minecraft:azalea_leaves":2,"minecraft:end_stone_bricks":2,"minecraft:spruce_slab":27,"minecraft:chiseled_quartz_block":5,"minecraft:clay":5,"minecraft:calcite":9,"minecraft:poppy":1,"minecraft:chest":5,"minecraft:cobblestone":31,"minecraft:potted_acacia_sapling":2,"minecraft:grindstone":1,"minecraft:oak_planks":107,"minecraft:iron_door":4,"minecraft:wall_torch":12,"minecraft:brown_wall_banner":11,"minecraft:tnt":4,"minecraft:oak_log":72,"minecraft:acacia_fence":60,"minecraft:sand":2,"minecraft:dirt":102,"minecraft:oak_leaves":43,"minecraft:tuff":2,"minecraft:quartz_stairs":2,"minecraft:deepslate_diamond_ore":12,"minecraft:lever":2,"minecraft:ladder":4,"minecraft:acacia_slab":4,"minecraft:sandstone":10,"minecraft:rooted_dirt":4,"minecraft:hay_block":100,"minecraft:oak_trapdoor":4,"minecraft:furnace":8,"minecraft:acacia_stairs":2,"minecraft:bookshelf":91,"minecraft:deepslate_iron_ore":21,"minecraft:lantern":8,"minecraft:stone":287,"minecraft:pink_terracotta":22,"minecraft:podzol":10,"minecraft:acacia_leaves":20,"minecraft:scaffolding":82,"minecraft:spruce_door":1,"minecraft:oak_fence":22,"minecraft:crafting_table":17,"minecraft:andesite_slab":1,"minecraft:lectern":1,"minecraft:lapis_ore":5,"minecraft:spruce_stairs":67,"minecraft:acacia_fence_gate":8,"minecraft:yellow_bed":1,"minecraft:coal_ore":90,"minecraft:flower_pot":2,"minecraft:gray_carpet":9,"minecraft:terracotta":1,"minecraft:stripped_acacia_wood":35,"minecraft:small_dripleaf":4,"minecraft:mossy_stone_bricks":1,"minecraft:birch_fence":1},"minecraft:dropped":{"minecraft:iron_sword":10,"minecraft:porkchop":3,"minecraft:lapis_lazuli":5,"minecraft:chorus_fruit":6,"minecraft:glass_bottle":5,"minecraft:diamond":168,"alexsmobs:kangaroo_meat":2,"minecraft:cooked_porkchop":2,"minecraft:glow_berries":1,"minecraft:rooted_dirt":1,"minecraft:saddle":1,"weaponmaster:wm_broadsword":2,"minecraft:red_carpet":6,"minecraft:item_frame":20,"minecraft:melon":1,"minecraft:dirt":4,"minecraft:gray_concrete":5,"minecraft:chain":2,"alexsmobs:emu_feather":2,"minecraft:writable_book":1,"minecraft:iron_pickaxe":7,"majruszsdifficulty:tattered_leggings":2,"minecraft:white_wool":1,"minecraft:bone":41,"minecraft:compass":3,"minecraft:sugar_cane":12,"alexsmobs:gazelle_horn":1,"minecraft:birch_sapling":1,"minecraft:wheat":3,"minecraft:obsidian":3,"minecraft:rotten_flesh":106,"minecraft:oak_planks":21,"minecraft:azure_bluet":2,"minecraft:leather_boots":4,"minecraft:acacia_sapling":3,"minecraft:painting":1,"minecraft:spruce_slab":3,"minecraft:beef":9,"minecraft:stone_brick_stairs":4,"minecraft:acacia_fence":3,"minecraft:enchanted_book":9,"minecraft:golden_boots":1,"minecraft:wheat_seeds":68,"minecraft:cobblestone":11,"minecraft:iron_helmet":4,"minecraft:yellow_terracotta":1,"minecraft:book":1,"majruszsdifficulty:soul_jar":3,"minecraft:apple":3,"minecraft:chainmail_helmet":2,"minecraft:yellow_carpet":5,"minecraft:coal":11,"alexsmobs:raw_catfish":12,"epicfight:iron_greatsword":1,"minecraft:oak_stairs":8,"minecraft:iron_shovel":1,"minecraft:chainmail_leggings":3,"minecraft:string":69,"minecraft:acacia_planks":50,"minecraft:pink_tulip":2,"minecraft:player_head":2,"weaponmaster:wm_rapier":1,"minecraft:sticky_piston":2,"minecraft:chicken":1,"minecraft:white_carpet":1,"minecraft:clay_ball":3,"minecraft:iron_boots":3,"minecraft:damaged_anvil":2,"minecraft:light_gray_concrete":5,"minecraft:flower_pot":1,"minecraft:spruce_trapdoor":4,"minecraft:spruce_planks":9,"minecraft:yellow_bed":2,"minecraft:stone_bricks":2,"minecraft:spider_eye":6,"minecraft:brown_carpet":1,"minecraft:bow":4,"minecraft:moss_block":2,"minecraft:oak_log":1,"minecraft:lantern":3,"minecraft:leather":9,"minecraft:jungle_planks":19,"minecraft:cod":2,"minecraft:orange_carpet":2,"minecraft:mutton":2,"majruszsdifficulty:tattered_boots":1,"minecraft:acacia_door":1,"minecraft:white_tulip":2,"minecraft:pink_terracotta":1,"minecraft:fern":4,"minecraft:acacia_stairs":2,"minecraft:carrot":2,"minecraft:chainmail_chestplate":1,"alexsmobs:kangaroo_hide":1,"minecraft:poppy":4,"minecraft:leather_chestplate":1,"minecraft:gunpowder":2,"minecraft:skeleton_skull":2,"minecraft:melon_seeds":2,"minecraft:acacia_slab":4,"minecraft:stone_brick_wall":2,"minecraft:chainmail_boots":2,"minecraft:arrow":36,"minecraft:scaffolding":1,"minecraft:quartz":12,"minecraft:bread":353,"minecraft:oak_slab":5,"minecraft:smithing_table":6,"minecraft:golden_axe":1,"minecraft:lead":1,"minecraft:spruce_stairs":3,"minecraft:acacia_log":34,"minecraft:grass_block":1,"minecraft:stick":2,"minecraft:leather_horse_armor":1,"minecraft:torch":1,"minecraft:iron_door":3,"minecraft:zombie_head":3,"minecraft:iron_leggings":5,"minecraft:iron_axe":4,"minecraft:tripwire_hook":2,"minecraft:redstone_block":4,"minecraft:smooth_basalt":3,"minecraft:redstone":9,"minecraft:polished_diorite":3,"alexsmobs:maggot":1,"minecraft:coarse_dirt":2,"minecraft:chiseled_quartz_block":6,"minecraft:tuff":1,"minecraft:raw_iron":3,"minecraft:filled_map":2,"minecraft:shield":2,"minecraft:iron_chestplate":3,"minecraft:andesite":1,"minecraft:oak_sapling":1,"minecraft:golden_sword":1,"minecraft:diamond_boots":1,"minecraft:stone_pickaxe":1,"minecraft:wooden_pickaxe":4},"minecraft:killed_by":{"minecraft:zombie":2,"alexsmobs:komodo_dragon":2,"alexsmobs:rattlesnake":1,"alexsmobs:centipede_head":1,"alexsmobs:elephant":1,"minecraft:skeleton":4},"minecraft:custom":{"minecraft:interact_with_crafting_table":111,"minecraft:open_barrel":29,"minecraft:eat_cake_slice":3,"minecraft:leave_game":22,"minecraft:time_since_death":405708,"minecraft:damage_blocked_by_shield":3105,"minecraft:play_time":760185,"minecraft:deaths":18,"minecraft:jump":16975,"minecraft:interact_with_furnace":38,"minecraft:sleep_in_bed":27,"minecraft:damage_dealt":51544,"minecraft:inspect_dispenser":4,"minecraft:horse_one_cm":2262,"minecraft:interact_with_smithing_table":2,"minecraft:interact_with_anvil":10,"minecraft:damage_dealt_absorbed":18,"minecraft:sneak_time":62297,"minecraft:total_world_time":760185,"minecraft:time_since_rest":73716,"minecraft:swim_one_cm":288228,"minecraft:fly_one_cm":4819583,"minecraft:open_chest":285,"minecraft:fall_one_cm":476126,"minecraft:sprint_one_cm":2519796,"minecraft:drop":555,"minecraft:talked_to_villager":2,"minecraft:walk_on_water_one_cm":223903,"minecraft:crouch_one_cm":290740,"minecraft:mob_kills":347,"minecraft:climb_one_cm":112871,"minecraft:walk_one_cm":3147552,"minecraft:walk_under_water_one_cm":102990,"minecraft:boat_one_cm":191295,"minecraft:damage_taken":15576},"minecraft:crafted":{"minecraft:diamond_shovel":1,"minecraft:bookshelf":34,"minecraft:diamond_leggings":1,"minecraft:diamond_axe":1,"minecraft:jungle_boat":1,"minecraft:smithing_table":1,"minecraft:lectern":1,"minecraft:iron_pickaxe":4,"minecraft:netherite_ingot":1,"minecraft:stone_shovel":2,"minecraft:bone_meal":18,"minecraft:ladder":132,"minecraft:stone_pickaxe":5,"minecraft:wheat":800,"minecraft:coal_block":8,"minecraft:enchanting_table":1,"minecraft:jungle_slab":12,"minecraft:oak_fence_gate":8,"minecraft:oak_stairs":4,"minecraft:iron_shovel":1,"minecraft:iron_leggings":1,"minecraft:oak_planks":288,"minecraft:iron_boots":1,"minecraft:chest":8,"minecraft:oak_fence":15,"minecraft:oak_slab":12,"minecraft:crafting_table":10,"minecraft:spruce_planks":28,"minecraft:wooden_pickaxe":23,"minecraft:iron_helmet":3,"minecraft:iron_chestplate":3,"minecraft:diamond_pickaxe":1,"minecraft:shield":5,"minecraft:stick":540,"minecraft:iron_ingot":82,"minecraft:stone_sword":1,"minecraft:coal":27,"minecraft:furnace":4,"minecraft:iron_axe":6,"epicfight:iron_greatsword":1,"minecraft:diamond_sword":1,"minecraft:iron_sword":3,"minecraft:bucket":1,"minecraft:stone_axe":1,"minecraft:bread":267,"minecraft:acacia_boat":1,"minecraft:air":0,"minecraft:jungle_planks":100,"minecraft:oak_boat":1,"minecraft:acacia_planks":476,"minecraft:torch":312,"minecraft:clay":2,"minecraft:diamond_chestplate":1},"minecraft:picked_up":{"minecraft:iron_chestplate":4,"minecraft:chainmail_boots":2,"minecraft:flower_pot":7,"minecraft:smithing_table":10,"minecraft:lead":1,"minecraft:oak_stairs":16,"minecraft:enchanted_book":19,"minecraft:string":104,"alexsmobs:emu_feather":5,"minecraft:cobbled_deepslate":178,"minecraft:spruce_planks":103,"minecraft:acacia_fence_gate":8,"minecraft:melon_slice":68,"minecraft:coal_block":55,"minecraft:big_dripleaf":2,"minecraft:acacia_log":154,"minecraft:sandstone_wall":1,"minecraft:pink_terracotta":21,"minecraft:brown_carpet":47,"minecraft:orange_bed":9,"minecraft:stone_sword":2,"alexsmobs:flying_fish_boots":1,"majruszsdifficulty:undead_army_treasure_bag":1,"alexsmobs:flying_fish":2,"minecraft:iron_door":4,"minecraft:water_bucket":2,"minecraft:jungle_log":27,"minecraft:flint":17,"minecraft:gray_concrete":6,"minecraft:lantern":22,"epicfight:iron_greatsword":1,"minecraft:moss_block":71,"minecraft:stripped_acacia_wood":30,"minecraft:acacia_stairs":3,"alexsmobs:animal_dictionary":2,"minecraft:iron_hoe":2,"alexsmobs:kangaroo_hide":10,"minecraft:lever":2,"minecraft:writable_book":2,"minecraft:chainmail_helmet":2,"minecraft:bread":257,"alexsmobs:maggot":3,"minecraft:rooted_dirt":7,"minecraft:light_gray_carpet":1,"minecraft:crafting_table":21,"minecraft:coarse_dirt":31,"minecraft:clay_ball":39,"minecraft:redstone_lamp":18,"minecraft:orange_banner":6,"weaponmaster:wm_rapier":1,"minecraft:acacia_door":4,"minecraft:iron_shovel":3,"minecraft:white_carpet":34,"minecraft:compass":1,"minecraft:beef":9,"minecraft:poppy":4,"minecraft:spruce_slab":55,"minecraft:quartz_stairs":2,"minecraft:chest":5,"minecraft:birch_sapling":4,"minecraft:piston":41,"minecraft:sandstone":10,"minecraft:carrot":2,"minecraft:redstone":23,"minecraft:tnt":8,"minecraft:stone_shovel":1,"weaponmaster:wm_broadsword":2,"minecraft:hay_block":117,"majruszsdifficulty:soul_jar":4,"minecraft:yellow_terracotta":3,"minecraft:gold_ingot":48,"minecraft:rail":2,"minecraft:glow_berries":150,"minecraft:mutton":7,"minecraft:bone_block":3,"minecraft:white_wool":8,"alexsmobs:kangaroo_meat":5,"minecraft:oxeye_daisy":1,"minecraft:tripwire_hook":2,"minecraft:fern":4,"alexsmobs:acacia_blossom":1,"majruszsdifficulty:cloth":13,"minecraft:packed_mud":2,"minecraft:oak_log":73,"minecraft:golden_boots":1,"minecraft:white_banner":5,"minecraft:apple":5,"minecraft:stone_bricks":12,"majruszsdifficulty:tattered_leggings":2,"minecraft:oak_fence_gate":4,"minecraft:stone_pickaxe":1,"weaponmaster:tutorialbook":2,"minecraft:iron_sword":10,"minecraft:smooth_basalt":3,"minecraft:daylight_detector":1,"minecraft:gravel":80,"minecraft:spruce_log":9,"minecraft:stone_axe":2,"minecraft:polished_diorite":17,"minecraft:painting":1,"minecraft:brown_banner":15,"minecraft:melon_seeds":2,"minecraft:ender_pearl":2,"minecraft:wheat":4,"minecraft:redstone_block":9,"minecraft:stone_brick_stairs":4,"alexsmobs:gazelle_horn":1,"minecraft:raw_copper":14,"minecraft:sticky_piston":2,"minecraft:iron_leggings":5,"minecraft:armor_stand":5,"minecraft:zombie_head":3,"minecraft:experience_bottle":12,"minecraft:smooth_stone":1,"minecraft:comparator":15,"minecraft:bucket":1,"minecraft:white_tulip":3,"minecraft:smooth_quartz":28,"minecraft:iron_pickaxe":8,"minecraft:iron_boots":4,"minecraft:furnace":14,"minecraft:stick":45,"minecraft:acacia_fence":105,"weaponmaster:weaponkit":1,"minecraft:oak_fence":24,"minecraft:torch":82,"minecraft:spruce_stairs":82,"minecraft:porkchop":71,"minecraft:rotten_flesh":124,"alexsmobs:emu_egg":4,"minecraft:leather_horse_armor":1,"minecraft:obsidian":6,"minecraft:cod":2,"minecraft:cobblestone":372,"minecraft:andesite":94,"minecraft:orange_carpet":41,"minecraft:chiseled_quartz_block":6,"minecraft:tuff":2,"minecraft:wither_skeleton_skull":2,"minecraft:dirt":356,"minecraft:lapis_lazuli":61,"minecraft:leather_boots":3,"minecraft:bone":147,"minecraft:acacia_planks":176,"minecraft:bow":8,"minecraft:wheat_seeds":81,"minecraft:grindstone":1,"minecraft:mossy_stone_bricks":1,"minecraft:oak_planks":141,"minecraft:cooked_porkchop":4,"minecraft:oak_pressure_plate":4,"minecraft:jungle_planks":20,"minecraft:sand":2,"minecraft:melon":4,"minecraft:cyan_bed":8,"minecraft:grass_block":1,"minecraft:light_gray_concrete":17,"minecraft:yellow_carpet":14,"minecraft:diamond":158,"minecraft:crossbow":1,"minecraft:grass":1,"minecraft:golden_apple":2,"minecraft:spruce_sign":34,"minecraft:emerald":17,"minecraft:oak_sapling":6,"minecraft:chorus_fruit":6,"minecraft:andesite_slab":1,"minecraft:end_stone_bricks":2,"majruszsdifficulty:tattered_boots":1,"minecraft:azure_bluet":2,"minecraft:chicken":1,"minecraft:ladder":9,"minecraft:wooden_pickaxe":25,"minecraft:stone_brick_wall":2,"minecraft:chain":8,"minecraft:shield":6,"minecraft:oak_trapdoor":4,"minecraft:moss_carpet":1,"minecraft:iron_axe":4,"minecraft:item_frame":45,"minecraft:quartz_slab":2,"minecraft:birch_fence":1,"minecraft:oak_boat":3,"minecraft:player_head":12,"minecraft:lectern":1,"minecraft:sugar_cane":53,"minecraft:spruce_trapdoor":146,"minecraft:raw_iron":301,"minecraft:stone_pressure_plate":2,"minecraft:arrow":77,"minecraft:pink_tulip":2,"minecraft:saddle":3,"minecraft:skeleton_skull":3,"minecraft:jungle_boat":8,"minecraft:glow_ink_sac":8,"minecraft:salmon":5,"minecraft:leather":19,"minecraft:chainmail_chestplate":1,"minecraft:yellow_bed":2,"minecraft:gunpowder":16,"minecraft:cobblestone_stairs":28,"minecraft:cooked_mutton":3,"minecraft:red_carpet":6,"minecraft:gray_carpet":7,"minecraft:acacia_trapdoor":8,"minecraft:iron_ingot":115,"minecraft:acacia_sapling":7,"minecraft:book":340,"minecraft:scaffolding":101,"minecraft:oak_slab":13,"minecraft:pumpkin":13,"minecraft:quartz":6,"minecraft:soul_torch":1,"minecraft:blast_furnace":1,"minecraft:white_bed":5,"minecraft:spider_eye":6,"alexsmobs:raw_catfish":21,"minecraft:chainmail_leggings":3,"minecraft:iron_helmet":4,"minecraft:terracotta":2,"minecraft:acacia_slab":12,"minecraft:damaged_anvil":10,"minecraft:coal":271}},"DataVersion":3465}