{"stats":{"minecraft:custom":{"minecraft:mob_kills":28,"minecraft:interact_with_crafting_table":27,"minecraft:leave_game":2,"minecraft:time_since_death":11644,"minecraft:climb_one_cm":2259,"minecraft:sprint_one_cm":212799,"minecraft:walk_one_cm":263988,"minecraft:damage_blocked_by_shield":530,"minecraft:drop":16,"minecraft:play_time":159131,"minecraft:sneak_time":12797,"minecraft:deaths":7,"minecraft:walk_under_water_one_cm":2195,"minecraft:jump":2742,"minecraft:walk_on_water_one_cm":12097,"minecraft:total_world_time":159131,"minecraft:interact_with_furnace":20,"minecraft:sleep_in_bed":2,"minecraft:time_since_rest":11670,"minecraft:damage_taken":2730,"minecraft:damage_dealt":3924,"minecraft:swim_one_cm":34599,"minecraft:fly_one_cm":441755,"minecraft:open_chest":35,"minecraft:crouch_one_cm":31455,"minecraft:fall_one_cm":88318},"minecraft:crafted":{"minecraft:oak_planks":76,"minecraft:stone_shovel":2,"minecraft:furnace":4,"minecraft:iron_boots":1,"minecraft:iron_axe":1,"minecraft:stone_pickaxe":5,"minecraft:chest":2,"minecraft:crafting_table":4,"minecraft:spruce_planks":28,"minecraft:wooden_pickaxe":9,"minecraft:iron_helmet":1,"minecraft:iron_sword":1,"minecraft:stone_axe":1,"minecraft:air":0,"minecraft:jungle_planks":40,"minecraft:iron_chestplate":1,"minecraft:shield":2,"minecraft:stick":100,"minecraft:iron_ingot":80,"minecraft:iron_pickaxe":2,"minecraft:stone_sword":1,"minecraft:iron_shovel":1,"minecraft:iron_leggings":1,"minecraft:acacia_planks":4,"minecraft:torch":140,"minecraft:clay":2},"minecraft:used":{"minecraft:moss_block":3,"minecraft:moss_carpet":1,"minecraft:stone_sword":59,"minecraft:stone_shovel":22,"minecraft:spruce_planks":1,"minecraft:chest":2,"minecraft:shield":23,"minecraft:torch":122,"minecraft:dirt":56,"minecraft:mutton":5,"minecraft:iron_axe":1,"minecraft:jungle_log":2,"minecraft:furnace":5,"minecraft:oak_sapling":5,"minecraft:stone_pickaxe":146,"minecraft:wooden_pickaxe":175,"minecraft:sandstone":10,"minecraft:clay":2,"minecraft:white_wool":5,"minecraft:glow_berries":5,"minecraft:crafting_table":8,"minecraft:white_bed":2,"minecraft:apple":1,"minecraft:bread":19,"minecraft:melon_slice":5,"minecraft:iron_pickaxe":189,"minecraft:gravel":15,"minecraft:stone_axe":26,"minecraft:cobblestone":67,"minecraft:andesite":26,"alexsmobs:animal_dictionary":3,"minecraft:coarse_dirt":5},"minecraft:dropped":{"minecraft:moss_block":1,"minecraft:wheat_seeds":2,"minecraft:raw_iron":3,"minecraft:rotten_flesh":1,"minecraft:clay_ball":3,"minecraft:spruce_planks":6,"minecraft:stone_pickaxe":1,"minecraft:wooden_pickaxe":4},"minecraft:killed_by":{"minecraft:skeleton":2,"minecraft:zombie":1,"alexsmobs:komodo_dragon":1},"minecraft:picked_up":{"minecraft:crafting_table":7,"minecraft:coarse_dirt":7,"minecraft:clay_ball":11,"minecraft:wooden_pickaxe":6,"minecraft:shield":1,"minecraft:string":2,"minecraft:moss_carpet":1,"minecraft:raw_copper":14,"alexsmobs:emu_feather":3,"minecraft:cobbled_deepslate":8,"minecraft:spruce_planks":6,"minecraft:iron_pickaxe":1,"minecraft:melon_slice":13,"minecraft:sugar_cane":28,"minecraft:furnace":6,"minecraft:raw_iron":155,"minecraft:stick":37,"minecraft:sandstone":10,"minecraft:torch":19,"minecraft:acacia_log":1,"minecraft:spruce_stairs":6,"minecraft:porkchop":14,"minecraft:rotten_flesh":4,"minecraft:stone_sword":2,"minecraft:arrow":4,"minecraft:stone_shovel":1,"minecraft:glow_berries":4,"minecraft:mutton":5,"alexsmobs:flying_fish":2,"alexsmobs:kangaroo_meat":3,"minecraft:white_wool":5,"minecraft:cobblestone":209,"minecraft:jungle_log":12,"minecraft:andesite":87,"minecraft:packed_mud":2,"minecraft:flint":2,"minecraft:oak_log":19,"minecraft:dirt":67,"minecraft:lapis_lazuli":60,"minecraft:bone":4,"minecraft:apple":1,"minecraft:wheat_seeds":4,"minecraft:moss_block":40,"minecraft:oak_planks":24,"minecraft:gravel":20,"minecraft:white_bed":4,"minecraft:spruce_log":9,"alexsmobs:animal_dictionary":2,"alexsmobs:kangaroo_hide":9,"minecraft:stone_axe":2,"minecraft:bread":29,"alexsmobs:maggot":2,"minecraft:oak_sapling":5,"minecraft:coal":166},"minecraft:broken":{"minecraft:wooden_pickaxe":1},"minecraft:killed":{"minecraft:skeleton":5,"alexsmobs:flying_fish":1,"alexsmobs:kangaroo":2,"minecraft:husk":4,"minecraft:pig":3,"alexsmobs:emu":1,"minecraft:sheep":4,"minecraft:zombie":4,"alexsmobs:roadrunner":1,"alexsmobs:fly":2},"minecraft:mined":{"minecraft:white_bed":2,"minecraft:spruce_planks":1,"minecraft:acacia_log":1,"minecraft:grass_block":10,"minecraft:jungle_log":18,"minecraft:moss_block":13,"minecraft:sandstone":10,"minecraft:furnace":5,"minecraft:iron_ore":73,"minecraft:andesite":86,"minecraft:moss_carpet":1,"minecraft:deepslate_iron_ore":14,"minecraft:vine":3,"minecraft:azalea_leaves":1,"minecraft:stone":201,"minecraft:white_wool":1,"minecraft:acacia_leaves":4,"minecraft:crafting_table":5,"minecraft:clay":2,"minecraft:melon":1,"minecraft:dead_bush":11,"minecraft:tall_grass":2,"minecraft:copper_ore":2,"minecraft:cobblestone":2,"minecraft:lapis_ore":5,"minecraft:sugar_cane":10,"minecraft:wall_torch":2,"minecraft:coarse_dirt":5,"minecraft:grass":28,"minecraft:coal_ore":63,"minecraft:oak_log":19,"minecraft:dirt":39,"minecraft:gravel":23,"minecraft:cobweb":2,"minecraft:small_dripleaf":3,"minecraft:oak_leaves":34,"minecraft:deepslate":14,"minecraft:fern":7}},"DataVersion":3465}