{"stats":{"minecraft:killed":{"minecraft:cave_spider":1,"minecraft:witch":1,"minecraft:spider":8,"minecraft:skeleton":49,"alexsmobs:kangaroo":2,"minecraft:pig":3,"minecraft:salmon":3,"majruszsdifficulty:tank":1,"minecraft:creeper":2,"minecraft:sheep":4,"minecraft:zombie":49,"alexsmobs:terrapin":1,"alexsmobs:maned_wolf":1,"alexsmobs:roadrunner":1,"alexsmobs:fly":2,"minecraft:cow":4,"minecraft:phantom":1,"alexsmobs:flying_fish":1,"minecraft:husk":8,"alexsmobs:skunk":1,"minecraft:frog":2,"majruszsdifficulty:cursed_armor":1,"minecraft:hoglin":32,"alexsmobs:emu":2,"alexsmobs:catfish":1,"alexsmobs:cockroach":1,"minecraft:wither_skeleton":22,"minecraft:villager":5},"minecraft:dropped":{"minecraft:iron_sword":9,"minecraft:moss_block":2,"minecraft:lapis_lazuli":5,"minecraft:glass_bottle":5,"minecraft:cooked_porkchop":1,"minecraft:glow_berries":1,"minecraft:lantern":3,"minecraft:leather":9,"minecraft:jungle_planks":19,"minecraft:saddle":1,"weaponmaster:wm_broadsword":1,"minecraft:red_carpet":6,"minecraft:cod":2,"minecraft:item_frame":20,"minecraft:gray_concrete":5,"minecraft:dirt":4,"minecraft:melon":1,"minecraft:orange_carpet":2,"minecraft:mutton":1,"majruszsdifficulty:tattered_boots":1,"minecraft:chain":2,"minecraft:writable_book":1,"minecraft:iron_pickaxe":3,"minecraft:acacia_door":1,"majruszsdifficulty:tattered_leggings":2,"minecraft:white_wool":1,"minecraft:bone":41,"minecraft:white_tulip":2,"minecraft:pink_terracotta":1,"minecraft:compass":3,"minecraft:sugar_cane":12,"minecraft:birch_sapling":1,"minecraft:wheat":1,"minecraft:obsidian":3,"minecraft:rotten_flesh":63,"minecraft:oak_planks":21,"minecraft:fern":4,"minecraft:azure_bluet":2,"minecraft:acacia_stairs":2,"minecraft:carrot":2,"minecraft:chainmail_chestplate":1,"minecraft:poppy":4,"minecraft:leather_chestplate":1,"minecraft:gunpowder":2,"minecraft:skeleton_skull":2,"minecraft:stone_brick_wall":2,"minecraft:melon_seeds":2,"minecraft:acacia_slab":4,"minecraft:leather_boots":4,"minecraft:acacia_sapling":3,"minecraft:chainmail_boots":2,"minecraft:painting":1,"minecraft:spruce_slab":3,"minecraft:arrow":22,"minecraft:beef":9,"minecraft:stone_brick_stairs":4,"minecraft:quartz":12,"minecraft:acacia_fence":3,"minecraft:golden_boots":1,"minecraft:enchanted_book":9,"minecraft:bread":321,"minecraft:oak_slab":5,"minecraft:wheat_seeds":43,"minecraft:smithing_table":6,"minecraft:cobblestone":11,"minecraft:yellow_terracotta":1,"minecraft:iron_helmet":2,"minecraft:golden_axe":1,"minecraft:lead":1,"minecraft:book":1,"majruszsdifficulty:soul_jar":3,"minecraft:apple":3,"minecraft:spruce_stairs":2,"minecraft:acacia_log":34,"minecraft:chainmail_helmet":2,"minecraft:coal":11,"minecraft:yellow_carpet":5,"alexsmobs:raw_catfish":12,"minecraft:stick":2,"minecraft:torch":1,"minecraft:leather_horse_armor":1,"minecraft:iron_door":3,"epicfight:iron_greatsword":1,"minecraft:zombie_head":3,"minecraft:iron_leggings":3,"minecraft:oak_stairs":7,"minecraft:iron_axe":3,"minecraft:chainmail_leggings":3,"minecraft:string":57,"minecraft:tripwire_hook":2,"minecraft:acacia_planks":50,"minecraft:redstone":9,"minecraft:smooth_basalt":3,"minecraft:pink_tulip":2,"minecraft:polished_diorite":2,"minecraft:player_head":1,"minecraft:coarse_dirt":2,"minecraft:chiseled_quartz_block":6,"minecraft:sticky_piston":2,"minecraft:tuff":1,"minecraft:raw_iron":3,"minecraft:clay_ball":3,"minecraft:iron_boots":1,"minecraft:damaged_anvil":2,"minecraft:light_gray_concrete":5,"minecraft:filled_map":2,"minecraft:shield":2,"minecraft:flower_pot":1,"minecraft:spruce_trapdoor":4,"minecraft:spruce_planks":9,"minecraft:iron_chestplate":1,"minecraft:andesite":1,"minecraft:yellow_bed":2,"minecraft:oak_sapling":1,"minecraft:spider_eye":2,"minecraft:stone_bricks":2,"minecraft:brown_carpet":1,"minecraft:bow":2,"minecraft:stone_pickaxe":1,"minecraft:wooden_pickaxe":4},"minecraft:used":{"alexsmobs:emu_egg":4,"minecraft:moss_block":13,"minecraft:moss_carpet":1,"minecraft:writable_book":2,"minecraft:iron_shovel":172,"minecraft:melon":1,"minecraft:spruce_slab":30,"minecraft:ladder":112,"minecraft:chest":8,"minecraft:shield":76,"minecraft:stone":30,"minecraft:iron_sword":791,"minecraft:iron_chestplate":1,"minecraft:mutton":5,"minecraft:pink_terracotta":13,"minecraft:tuff":1,"majruszsdifficulty:golden_bandage":2,"minecraft:axolotl_bucket":4,"minecraft:obsidian":3,"minecraft:lava_bucket":23,"minecraft:lantern":5,"minecraft:stone_bricks":5,"minecraft:item_frame":10,"minecraft:brown_carpet":34,"minecraft:bow":12,"minecraft:scaffolding":73,"minecraft:oak_sapling":5,"minecraft:furnace":5,"minecraft:acacia_fence":7,"minecraft:end_stone_bricks":2,"minecraft:mossy_stone_bricks":1,"minecraft:damaged_anvil":2,"minecraft:diamond_boots":5,"minecraft:stone_pickaxe":146,"minecraft:gray_carpet":4,"minecraft:acacia_trapdoor":8,"minecraft:oak_planks":110,"minecraft:clay":2,"minecraft:sugar_cane":1,"minecraft:ender_pearl":2,"alexsmobs:flying_fish_boots":5,"minecraft:leather_chestplate":1,"minecraft:wooden_pickaxe":311,"minecraft:sandstone":10,"minecraft:jungle_boat":9,"minecraft:glow_berries":149,"minecraft:white_wool":7,"minecraft:sand":2,"minecraft:yellow_terracotta":2,"minecraft:gray_concrete":1,"minecraft:crossbow":1,"minecraft:lever":2,"minecraft:melon_slice":24,"minecraft:daylight_detector":1,"minecraft:acacia_door":1,"minecraft:light_gray_concrete":5,"minecraft:bread":204,"minecraft:cyan_bed":7,"minecraft:iron_door":1,"minecraft:oak_pressure_plate":4,"minecraft:gravel":42,"minecraft:andesite":79,"minecraft:oak_boat":3,"minecraft:coarse_dirt":19,"minecraft:cobweb":2,"minecraft:bone_meal":18,"minecraft:experience_bottle":12,"minecraft:oak_fence":27,"minecraft:stripped_acacia_wood":6,"minecraft:stone_sword":59,"minecraft:white_tulip":1,"minecraft:acacia_log":7,"minecraft:flint_and_steel":65,"minecraft:stone_shovel":22,"minecraft:redstone":7,"minecraft:spruce_planks":72,"minecraft:orange_bed":6,"minecraft:sandstone_wall":1,"minecraft:torch":391,"minecraft:dirt":258,"minecraft:white_carpet":2,"minecraft:spruce_stairs":54,"minecraft:yellow_carpet":9,"minecraft:golden_shovel":37,"minecraft:oak_fence_gate":9,"minecraft:polished_diorite":7,"minecraft:iron_hoe":76,"minecraft:bookshelf":4,"epicfight:iron_greatsword":6,"minecraft:iron_axe":994,"minecraft:oak_stairs":12,"minecraft:rooted_dirt":4,"minecraft:jungle_log":2,"minecraft:smooth_quartz":4,"minecraft:golden_carrot":1,"minecraft:cobbled_deepslate":75,"minecraft:iron_leggings":1,"minecraft:acacia_planks":108,"minecraft:cooked_mutton":1,"minecraft:acacia_boat":1,"minecraft:water_bucket":181,"minecraft:spruce_sign":19,"minecraft:leather_boots":1,"minecraft:salmon":3,"minecraft:brown_banner":10,"minecraft:terracotta":2,"minecraft:tnt":2,"minecraft:orange_carpet":9,"minecraft:crafting_table":23,"minecraft:oak_slab":15,"minecraft:white_bed":3,"minecraft:flower_pot":2,"minecraft:acacia_stairs":1,"minecraft:apple":2,"majruszsdifficulty:undead_army_treasure_bag":2,"minecraft:iron_pickaxe":752,"minecraft:map":2,"minecraft:spruce_trapdoor":90,"minecraft:stone_axe":26,"minecraft:cobblestone":140,"minecraft:cooked_porkchop":2,"minecraft:bucket":209,"alexsmobs:animal_dictionary":3,"minecraft:soul_torch":1},"minecraft:picked_up":{"minecraft:iron_chestplate":3,"minecraft:wheat":2,"minecraft:redstone_block":1,"minecraft:chainmail_boots":2,"minecraft:flower_pot":7,"minecraft:smithing_table":8,"minecraft:lead":1,"minecraft:oak_stairs":15,"minecraft:enchanted_book":19,"minecraft:stone_brick_stairs":4,"minecraft:string":92,"minecraft:raw_copper":14,"minecraft:iron_leggings":4,"minecraft:sticky_piston":2,"minecraft:experience_bottle":12,"minecraft:zombie_head":3,"alexsmobs:emu_feather":3,"minecraft:cobbled_deepslate":178,"minecraft:comparator":15,"minecraft:spruce_planks":94,"minecraft:acacia_fence_gate":3,"minecraft:white_tulip":3,"minecraft:iron_pickaxe":5,"minecraft:smooth_quartz":28,"minecraft:melon_slice":42,"minecraft:coal_block":55,"minecraft:iron_boots":3,"minecraft:furnace":14,"minecraft:stick":45,"minecraft:acacia_fence":102,"minecraft:oak_fence":17,"minecraft:big_dripleaf":2,"weaponmaster:weaponkit":1,"minecraft:torch":82,"minecraft:acacia_log":141,"minecraft:spruce_stairs":79,"minecraft:sandstone_wall":1,"minecraft:porkchop":68,"minecraft:pink_terracotta":18,"minecraft:brown_carpet":47,"minecraft:orange_bed":9,"minecraft:stone_sword":2,"minecraft:rotten_flesh":81,"alexsmobs:flying_fish_boots":1,"alexsmobs:emu_egg":4,"majruszsdifficulty:undead_army_treasure_bag":1,"minecraft:leather_horse_armor":1,"minecraft:cod":2,"alexsmobs:flying_fish":2,"minecraft:cobblestone":367,"minecraft:andesite":94,"minecraft:iron_door":4,"minecraft:water_bucket":2,"minecraft:jungle_log":27,"minecraft:orange_carpet":15,"minecraft:chiseled_quartz_block":6,"minecraft:flint":17,"minecraft:tuff":2,"minecraft:wither_skeleton_skull":2,"minecraft:gray_concrete":6,"minecraft:lapis_lazuli":61,"minecraft:dirt":291,"minecraft:lantern":13,"minecraft:leather_boots":3,"minecraft:bone":123,"minecraft:acacia_planks":166,"epicfight:iron_greatsword":1,"minecraft:bow":6,"minecraft:wheat_seeds":56,"minecraft:grindstone":1,"minecraft:mossy_stone_bricks":1,"minecraft:moss_block":64,"minecraft:oak_planks":140,"minecraft:cooked_porkchop":4,"minecraft:stripped_acacia_wood":26,"minecraft:oak_pressure_plate":4,"minecraft:sand":2,"minecraft:jungle_planks":20,"minecraft:melon":4,"minecraft:cyan_bed":8,"minecraft:acacia_stairs":3,"alexsmobs:animal_dictionary":2,"minecraft:iron_hoe":2,"minecraft:light_gray_concrete":17,"alexsmobs:kangaroo_hide":9,"minecraft:yellow_carpet":14,"minecraft:diamond":14,"minecraft:lever":2,"minecraft:writable_book":2,"minecraft:crossbow":1,"minecraft:grass":1,"minecraft:golden_apple":2,"minecraft:spruce_sign":33,"minecraft:chainmail_helmet":2,"minecraft:emerald":17,"minecraft:bread":213,"minecraft:rooted_dirt":4,"alexsmobs:maggot":2,"minecraft:end_stone_bricks":2,"minecraft:oak_sapling":6,"minecraft:andesite_slab":1,"majruszsdifficulty:tattered_boots":1,"minecraft:crafting_table":19,"minecraft:coarse_dirt":25,"minecraft:azure_bluet":2,"minecraft:ladder":4,"minecraft:clay_ball":39,"minecraft:redstone_lamp":18,"minecraft:wooden_pickaxe":25,"minecraft:stone_brick_wall":2,"minecraft:orange_banner":6,"minecraft:chain":8,"minecraft:shield":6,"minecraft:moss_carpet":1,"minecraft:iron_axe":4,"minecraft:acacia_door":4,"minecraft:compass":1,"minecraft:item_frame":44,"minecraft:white_carpet":6,"minecraft:iron_shovel":3,"minecraft:beef":9,"minecraft:oak_boat":3,"minecraft:player_head":1,"minecraft:poppy":4,"minecraft:spruce_slab":53,"minecraft:sugar_cane":53,"minecraft:chest":2,"minecraft:birch_sapling":3,"minecraft:piston":36,"minecraft:spruce_trapdoor":144,"minecraft:raw_iron":301,"minecraft:sandstone":10,"minecraft:carrot":2,"minecraft:redstone":23,"minecraft:stone_pressure_plate":2,"minecraft:tnt":8,"minecraft:arrow":53,"minecraft:stone_shovel":1,"weaponmaster:wm_broadsword":1,"minecraft:hay_block":108,"majruszsdifficulty:soul_jar":4,"minecraft:yellow_terracotta":3,"minecraft:pink_tulip":2,"minecraft:saddle":3,"minecraft:gold_ingot":48,"alexsmobs:kangaroo_meat":3,"minecraft:glow_berries":150,"minecraft:mutton":6,"minecraft:skeleton_skull":3,"minecraft:white_wool":8,"minecraft:rail":2,"minecraft:oxeye_daisy":1,"minecraft:jungle_boat":8,"minecraft:glow_ink_sac":8,"minecraft:tripwire_hook":2,"minecraft:salmon":5,"minecraft:leather":19,"minecraft:fern":4,"majruszsdifficulty:cloth":13,"minecraft:packed_mud":2,"minecraft:oak_log":66,"minecraft:chainmail_chestplate":1,"minecraft:golden_boots":1,"minecraft:yellow_bed":2,"minecraft:gunpowder":16,"minecraft:cobblestone_stairs":28,"minecraft:white_banner":5,"minecraft:cooked_mutton":3,"minecraft:red_carpet":6,"minecraft:gray_carpet":7,"minecraft:apple":5,"minecraft:stone_bricks":12,"minecraft:acacia_trapdoor":8,"majruszsdifficulty:tattered_leggings":2,"minecraft:iron_ingot":115,"minecraft:oak_fence_gate":4,"minecraft:stone_pickaxe":1,"weaponmaster:tutorialbook":2,"minecraft:iron_sword":10,"minecraft:acacia_sapling":5,"minecraft:book":166,"minecraft:scaffolding":95,"minecraft:oak_slab":13,"minecraft:smooth_basalt":3,"minecraft:daylight_detector":1,"minecraft:quartz":6,"minecraft:gravel":80,"minecraft:soul_torch":1,"minecraft:blast_furnace":1,"minecraft:white_bed":5,"minecraft:spruce_log":9,"minecraft:spider_eye":2,"alexsmobs:raw_catfish":21,"minecraft:polished_diorite":13,"minecraft:stone_axe":2,"minecraft:chainmail_leggings":3,"minecraft:iron_helmet":2,"minecraft:painting":1,"minecraft:terracotta":2,"minecraft:damaged_anvil":6,"minecraft:brown_banner":14,"minecraft:acacia_slab":12,"minecraft:melon_seeds":2,"minecraft:coal":271,"minecraft:ender_pearl":2},"minecraft:custom":{"minecraft:interact_with_crafting_table":85,"minecraft:open_barrel":27,"minecraft:eat_cake_slice":2,"minecraft:leave_game":18,"minecraft:time_since_death":291954,"minecraft:sprint_one_cm":2032067,"minecraft:damage_blocked_by_shield":2120,"minecraft:drop":329,"minecraft:talked_to_villager":2,"minecraft:play_time":646431,"minecraft:deaths":18,"minecraft:jump":14094,"minecraft:walk_on_water_one_cm":204490,"minecraft:interact_with_furnace":35,"minecraft:sleep_in_bed":24,"minecraft:damage_dealt":49392,"minecraft:crouch_one_cm":250256,"minecraft:inspect_dispenser":4,"minecraft:horse_one_cm":2262,"minecraft:interact_with_anvil":2,"minecraft:mob_kills":233,"minecraft:climb_one_cm":105519,"minecraft:walk_one_cm":2593167,"minecraft:damage_dealt_absorbed":18,"minecraft:sneak_time":54909,"minecraft:walk_under_water_one_cm":99828,"minecraft:boat_one_cm":191295,"minecraft:total_world_time":646431,"minecraft:time_since_rest":42995,"minecraft:damage_taken":13786,"minecraft:swim_one_cm":270004,"minecraft:fly_one_cm":3636881,"minecraft:open_chest":218,"minecraft:fall_one_cm":403738},"minecraft:mined":{"minecraft:spruce_planks":89,"minecraft:white_bed":3,"minecraft:cobblestone_stairs":14,"minecraft:jungle_leaves":1,"minecraft:spruce_trapdoor":137,"minecraft:stone_brick_wall":3,"minecraft:acacia_log":89,"minecraft:grass_block":147,"minecraft:yellow_carpet":6,"minecraft:jungle_log":33,"minecraft:oak_pressure_plate":2,"minecraft:coal_block":52,"minecraft:polished_diorite":9,"minecraft:spawner":16,"minecraft:potted_fern":1,"minecraft:tall_seagrass":2,"minecraft:potted_birch_sapling":1,"minecraft:iron_ore":141,"minecraft:fire":46,"minecraft:cobbled_deepslate":10,"minecraft:moss_carpet":1,"minecraft:cave_vines":3,"minecraft:oak_stairs":9,"minecraft:iron_bars":1,"minecraft:light_gray_concrete":15,"minecraft:azalea_leaves":2,"minecraft:end_stone_bricks":2,"minecraft:white_banner":1,"minecraft:spruce_slab":26,"minecraft:orange_bed":9,"minecraft:tripwire":3,"minecraft:clay":5,"minecraft:chiseled_quartz_block":5,"minecraft:torch":14,"minecraft:blast_furnace":1,"minecraft:melon":5,"minecraft:calcite":9,"minecraft:chest":2,"minecraft:dead_bush":13,"minecraft:spruce_wall_sign":3,"minecraft:cobblestone":31,"minecraft:potted_acacia_sapling":2,"minecraft:damaged_anvil":4,"minecraft:cyan_bed":7,"minecraft:grindstone":1,"minecraft:oak_planks":105,"minecraft:sugar_cane":19,"minecraft:iron_door":4,"minecraft:spruce_sign":4,"minecraft:wall_torch":12,"minecraft:skeleton_skull":1,"minecraft:chain":4,"minecraft:light_gray_stained_glass":2,"minecraft:brown_wall_banner":10,"minecraft:tnt":4,"minecraft:stone_brick_stairs":3,"minecraft:grass":247,"minecraft:oak_log":66,"minecraft:oak_fence_gate":4,"minecraft:acacia_fence":57,"minecraft:dirt":97,"minecraft:sand":2,"minecraft:smooth_quartz":15,"minecraft:sandstone_wall":1,"minecraft:smooth_basalt":3,"minecraft:piston":2,"minecraft:oak_leaves":43,"minecraft:deepslate":123,"minecraft:yellow_terracotta":6,"minecraft:light_blue_stained_glass_pane":4,"minecraft:tuff":2,"minecraft:deepslate_diamond_ore":12,"minecraft:lever":2,"minecraft:spruce_fence":1,"minecraft:jungle_planks":1,"minecraft:redstone_wire":13,"minecraft:acacia_slab":4,"minecraft:rooted_dirt":4,"minecraft:moss_block":47,"minecraft:sandstone":10,"minecraft:hay_block":91,"minecraft:black_stained_glass_pane":2,"minecraft:furnace":8,"minecraft:acacia_trapdoor":8,"minecraft:acacia_stairs":2,"minecraft:andesite":93,"minecraft:bookshelf":33,"minecraft:deepslate_iron_ore":21,"minecraft:vine":5,"minecraft:rail":2,"minecraft:pink_terracotta":18,"minecraft:stone":283,"minecraft:potted_allium":1,"minecraft:white_wool":4,"minecraft:bone_block":2,"minecraft:podzol":10,"minecraft:smithing_table":2,"minecraft:oak_slab":9,"minecraft:scaffolding":77,"minecraft:acacia_leaves":19,"minecraft:redstone_block":1,"minecraft:gray_concrete":4,"minecraft:glass_pane":6,"minecraft:brown_carpet":3,"minecraft:spruce_door":1,"minecraft:oak_fence":15,"minecraft:crafting_table":15,"minecraft:andesite_slab":1,"minecraft:copper_ore":2,"minecraft:potted_oxeye_daisy":1,"minecraft:tall_grass":18,"minecraft:lapis_ore":5,"minecraft:diorite":1,"minecraft:big_dripleaf":1,"minecraft:orange_carpet":9,"minecraft:spruce_stairs":65,"minecraft:coarse_dirt":21,"minecraft:acacia_fence_gate":3,"minecraft:white_carpet":2,"minecraft:yellow_bed":1,"minecraft:coal_ore":90,"minecraft:acacia_door":2,"minecraft:zombie_head":1,"minecraft:flower_pot":2,"minecraft:gravel":93,"minecraft:gray_carpet":9,"minecraft:cobweb":19,"minecraft:terracotta":1,"minecraft:acacia_planks":30,"minecraft:stripped_acacia_wood":30,"minecraft:stone_bricks":16,"minecraft:small_dripleaf":4,"minecraft:mossy_stone_bricks":1,"minecraft:fern":24},"minecraft:killed_by":{"alexsmobs:elephant":1,"minecraft:zombie":2,"alexsmobs:komodo_dragon":2,"alexsmobs:rattlesnake":1,"alexsmobs:centipede_head":1,"minecraft:skeleton":4},"minecraft:crafted":{"minecraft:oak_planks":256,"minecraft:bookshelf":5,"minecraft:iron_boots":1,"minecraft:chest":7,"minecraft:oak_fence":15,"minecraft:oak_slab":12,"minecraft:crafting_table":10,"minecraft:spruce_planks":28,"minecraft:jungle_boat":1,"minecraft:wooden_pickaxe":23,"minecraft:iron_helmet":3,"minecraft:lectern":1,"minecraft:iron_chestplate":3,"minecraft:shield":5,"minecraft:stick":508,"minecraft:iron_ingot":82,"minecraft:iron_pickaxe":4,"minecraft:stone_sword":1,"minecraft:coal":27,"minecraft:stone_shovel":2,"minecraft:furnace":4,"minecraft:bone_meal":18,"minecraft:iron_axe":6,"minecraft:ladder":132,"minecraft:stone_pickaxe":5,"epicfight:iron_greatsword":1,"minecraft:wheat":800,"minecraft:coal_block":8,"minecraft:iron_sword":3,"minecraft:bucket":1,"minecraft:stone_axe":1,"minecraft:jungle_slab":12,"minecraft:acacia_boat":1,"minecraft:bread":267,"minecraft:air":0,"minecraft:jungle_planks":100,"minecraft:oak_fence_gate":5,"minecraft:oak_boat":1,"minecraft:oak_stairs":4,"minecraft:iron_shovel":1,"minecraft:iron_leggings":1,"minecraft:acacia_planks":336,"minecraft:torch":312,"minecraft:clay":2},"minecraft:broken":{"minecraft:iron_chestplate":1,"minecraft:golden_shovel":1,"minecraft:flint_and_steel":1,"minecraft:wooden_pickaxe":2,"minecraft:iron_axe":3}},"DataVersion":3465}