{"stats":{"minecraft:custom":{"minecraft:mob_kills":12,"minecraft:interact_with_crafting_table":4,"minecraft:leave_game":2,"minecraft:time_since_death":539,"minecraft:sleep_in_bed":1,"minecraft:climb_one_cm":527,"minecraft:time_since_rest":565,"minecraft:sprint_one_cm":33241,"minecraft:damage_taken":400,"minecraft:walk_one_cm":168413,"minecraft:drop":4,"minecraft:damage_dealt":1888,"minecraft:swim_one_cm":14404,"minecraft:fly_one_cm":87567,"minecraft:open_chest":16,"minecraft:crouch_one_cm":5660,"minecraft:play_time":87131,"minecraft:deaths":1,"minecraft:sneak_time":1789,"minecraft:walk_under_water_one_cm":933,"minecraft:jump":687,"minecraft:walk_on_water_one_cm":2737,"minecraft:total_world_time":87131,"minecraft:fall_one_cm":13529},"minecraft:crafted":{"minecraft:stone_shovel":1,"minecraft:crafting_table":1,"minecraft:spruce_planks":20,"minecraft:wooden_pickaxe":1,"minecraft:stone_axe":1,"minecraft:stick":20,"minecraft:stone_pickaxe":1,"minecraft:stone_sword":1,"minecraft:clay":2},"minecraft:used":{"minecraft:moss_block":3,"minecraft:moss_carpet":1,"minecraft:stone_sword":18,"minecraft:stone_shovel":1,"minecraft:stone_pickaxe":35,"minecraft:spruce_planks":1,"minecraft:wooden_pickaxe":30,"minecraft:sandstone":10,"minecraft:clay":2,"minecraft:dirt":1,"minecraft:crafting_table":1,"minecraft:white_bed":1,"minecraft:bread":6,"minecraft:jungle_log":2,"minecraft:stone_axe":11,"minecraft:cobblestone":14,"alexsmobs:animal_dictionary":3},"minecraft:dropped":{"minecraft:moss_block":1,"minecraft:clay_ball":3},"minecraft:killed_by":{"alexsmobs:komodo_dragon":1},"minecraft:picked_up":{"minecraft:crafting_table":1,"minecraft:clay_ball":11,"minecraft:jungle_log":2,"minecraft:dirt":1,"minecraft:moss_carpet":1,"alexsmobs:emu_feather":1,"minecraft:spruce_planks":2,"minecraft:moss_block":12,"minecraft:sugar_cane":10,"minecraft:stick":2,"minecraft:raw_iron":6,"minecraft:sandstone":10,"minecraft:spruce_stairs":2,"minecraft:white_bed":1,"minecraft:spruce_log":7,"alexsmobs:kangaroo_hide":3,"minecraft:rotten_flesh":1,"alexsmobs:maggot":2,"alexsmobs:kangaroo_meat":3,"minecraft:coal":24,"alexsmobs:flying_fish":2,"minecraft:cobblestone":23},"minecraft:killed":{"minecraft:husk":4,"alexsmobs:emu":1,"minecraft:zombie":1,"alexsmobs:roadrunner":1,"alexsmobs:fly":2,"alexsmobs:kangaroo":2,"alexsmobs:flying_fish":1},"minecraft:mined":{"minecraft:spruce_planks":1,"minecraft:white_bed":1,"minecraft:clay":2,"minecraft:crafting_table":1,"minecraft:jungle_log":8,"minecraft:dead_bush":1,"minecraft:tall_grass":1,"minecraft:moss_block":11,"minecraft:sugar_cane":5,"minecraft:sandstone":10,"minecraft:iron_ore":6,"minecraft:moss_carpet":1,"minecraft:grass":3,"minecraft:coal_ore":24,"minecraft:vine":3,"minecraft:dirt":1,"minecraft:azalea_leaves":1,"minecraft:stone":23,"minecraft:small_dripleaf":3,"minecraft:oak_leaves":1,"minecraft:fern":1}},"DataVersion":3465}