{"stats":{"minecraft:killed":{"minecraft:cave_spider":1,"minecraft:witch":1,"minecraft:spider":6,"minecraft:skeleton":29,"alexsmobs:kangaroo":2,"minecraft:pig":3,"minecraft:salmon":3,"minecraft:sheep":4,"minecraft:zombie":24,"alexsmobs:terrapin":1,"alexsmobs:roadrunner":1,"alexsmobs:fly":2,"alexsmobs:flying_fish":1,"minecraft:husk":6,"minecraft:frog":1,"alexsmobs:emu":1,"alexsmobs:catfish":1,"alexsmobs:cockroach":1,"minecraft:villager":2},"minecraft:dropped":{"minecraft:moss_block":2,"minecraft:lapis_lazuli":5,"minecraft:cooked_porkchop":1,"minecraft:glow_berries":1,"minecraft:leather":7,"minecraft:jungle_planks":18,"minecraft:saddle":1,"minecraft:cod":2,"minecraft:item_frame":3,"minecraft:melon":1,"minecraft:gray_concrete":5,"minecraft:orange_carpet":2,"minecraft:chain":2,"minecraft:iron_pickaxe":2,"minecraft:acacia_door":1,"minecraft:bone":8,"minecraft:compass":3,"minecraft:sugar_cane":12,"minecraft:birch_sapling":1,"minecraft:rotten_flesh":7,"minecraft:acacia_stairs":1,"minecraft:carrot":2,"minecraft:leather_chestplate":1,"minecraft:acacia_slab":4,"minecraft:leather_boots":1,"minecraft:acacia_sapling":2,"minecraft:painting":1,"minecraft:spruce_slab":2,"minecraft:arrow":13,"minecraft:quartz":12,"minecraft:stone_brick_stairs":4,"minecraft:enchanted_book":2,"minecraft:wheat_seeds":10,"minecraft:iron_helmet":1,"minecraft:lead":1,"minecraft:apple":2,"minecraft:acacia_log":18,"alexsmobs:raw_catfish":12,"minecraft:stick":2,"minecraft:leather_horse_armor":1,"minecraft:iron_door":3,"minecraft:zombie_head":1,"minecraft:iron_leggings":3,"minecraft:string":4,"minecraft:tripwire_hook":2,"minecraft:smooth_basalt":3,"minecraft:polished_diorite":2,"minecraft:player_head":1,"minecraft:chiseled_quartz_block":6,"minecraft:tuff":1,"minecraft:raw_iron":3,"minecraft:clay_ball":3,"minecraft:light_gray_concrete":5,"minecraft:spruce_trapdoor":4,"minecraft:spruce_planks":9,"minecraft:andesite":1,"minecraft:yellow_bed":2,"minecraft:spider_eye":2,"minecraft:stone_pickaxe":1,"minecraft:wooden_pickaxe":4},"minecraft:used":{"alexsmobs:emu_egg":1,"minecraft:moss_block":13,"minecraft:moss_carpet":1,"minecraft:writable_book":1,"minecraft:iron_shovel":63,"minecraft:spruce_slab":1,"minecraft:chest":4,"minecraft:shield":54,"minecraft:stone":30,"minecraft:iron_sword":307,"minecraft:mutton":5,"minecraft:tuff":1,"minecraft:axolotl_bucket":4,"minecraft:lava_bucket":10,"minecraft:item_frame":9,"minecraft:brown_carpet":25,"minecraft:bow":3,"minecraft:scaffolding":37,"minecraft:furnace":5,"minecraft:oak_sapling":5,"minecraft:acacia_fence":6,"minecraft:acacia_trapdoor":4,"minecraft:stone_pickaxe":146,"minecraft:oak_planks":6,"minecraft:ender_pearl":1,"minecraft:leather_chestplate":1,"minecraft:wooden_pickaxe":311,"minecraft:sandstone":10,"minecraft:clay":2,"minecraft:sugar_cane":1,"minecraft:jungle_boat":9,"minecraft:white_wool":6,"minecraft:glow_berries":149,"minecraft:sand":2,"minecraft:gray_concrete":1,"minecraft:acacia_door":1,"minecraft:cyan_bed":3,"minecraft:light_gray_concrete":5,"minecraft:bread":63,"minecraft:melon_slice":24,"minecraft:oak_pressure_plate":4,"minecraft:iron_door":1,"minecraft:gravel":42,"minecraft:andesite":79,"minecraft:coarse_dirt":13,"minecraft:bone_meal":18,"minecraft:experience_bottle":12,"minecraft:stone_sword":59,"minecraft:stone_shovel":22,"minecraft:redstone":1,"minecraft:spruce_planks":1,"minecraft:sandstone_wall":1,"minecraft:torch":375,"minecraft:dirt":114,"minecraft:spruce_stairs":24,"minecraft:polished_diorite":7,"minecraft:bookshelf":2,"minecraft:iron_axe":238,"minecraft:rooted_dirt":4,"minecraft:jungle_log":2,"minecraft:smooth_quartz":4,"minecraft:acacia_planks":30,"minecraft:cobbled_deepslate":75,"minecraft:iron_leggings":1,"minecraft:cooked_mutton":1,"minecraft:acacia_boat":1,"minecraft:water_bucket":51,"minecraft:spruce_sign":19,"minecraft:leather_boots":1,"minecraft:salmon":3,"minecraft:crafting_table":17,"minecraft:white_bed":2,"minecraft:flower_pot":2,"minecraft:acacia_stairs":1,"minecraft:apple":1,"minecraft:iron_pickaxe":604,"minecraft:spruce_trapdoor":8,"minecraft:stone_axe":26,"minecraft:cobblestone":140,"minecraft:bucket":67,"alexsmobs:animal_dictionary":3,"minecraft:soul_torch":1},"minecraft:picked_up":{"minecraft:iron_chestplate":2,"minecraft:redstone_block":1,"minecraft:flower_pot":4,"minecraft:lead":1,"minecraft:enchanted_book":9,"minecraft:stone_brick_stairs":4,"minecraft:string":39,"minecraft:raw_copper":14,"minecraft:iron_leggings":4,"minecraft:zombie_head":1,"minecraft:experience_bottle":12,"alexsmobs:emu_feather":3,"minecraft:cobbled_deepslate":178,"minecraft:comparator":15,"minecraft:spruce_planks":22,"minecraft:acacia_fence_gate":3,"minecraft:smooth_quartz":28,"minecraft:iron_pickaxe":5,"minecraft:coal_block":6,"minecraft:melon_slice":42,"minecraft:furnace":12,"minecraft:iron_boots":2,"minecraft:stick":44,"minecraft:acacia_fence":98,"minecraft:big_dripleaf":2,"minecraft:oak_fence":2,"minecraft:torch":77,"minecraft:acacia_log":81,"minecraft:spruce_stairs":41,"minecraft:sandstone_wall":1,"minecraft:porkchop":14,"minecraft:brown_carpet":33,"minecraft:orange_bed":2,"minecraft:stone_sword":2,"minecraft:rotten_flesh":25,"alexsmobs:emu_egg":1,"minecraft:leather_horse_armor":1,"minecraft:cod":2,"alexsmobs:flying_fish":2,"minecraft:cobblestone":364,"minecraft:water_bucket":2,"minecraft:iron_door":4,"minecraft:andesite":94,"minecraft:jungle_log":27,"minecraft:orange_carpet":6,"minecraft:chiseled_quartz_block":6,"minecraft:flint":17,"minecraft:tuff":2,"minecraft:lantern":2,"minecraft:dirt":142,"minecraft:gray_concrete":6,"minecraft:lapis_lazuli":61,"minecraft:bone":52,"minecraft:acacia_planks":95,"minecraft:bow":4,"minecraft:wheat_seeds":26,"minecraft:moss_block":64,"minecraft:oak_planks":52,"minecraft:cooked_porkchop":1,"minecraft:oak_pressure_plate":4,"minecraft:jungle_planks":19,"minecraft:sand":2,"minecraft:melon":3,"minecraft:cyan_bed":5,"minecraft:acacia_stairs":2,"alexsmobs:animal_dictionary":2,"minecraft:iron_hoe":2,"minecraft:light_gray_concrete":17,"alexsmobs:kangaroo_hide":9,"minecraft:diamond":14,"minecraft:writable_book":1,"minecraft:grass":1,"minecraft:golden_apple":2,"minecraft:spruce_sign":27,"minecraft:bread":84,"minecraft:emerald":16,"alexsmobs:maggot":2,"minecraft:rooted_dirt":4,"minecraft:oak_sapling":5,"minecraft:crafting_table":15,"minecraft:coarse_dirt":17,"minecraft:clay_ball":39,"minecraft:redstone_lamp":18,"minecraft:wooden_pickaxe":25,"minecraft:orange_banner":6,"minecraft:chain":6,"minecraft:shield":3,"minecraft:moss_carpet":1,"minecraft:iron_axe":2,"minecraft:acacia_door":4,"minecraft:white_carpet":4,"minecraft:compass":1,"minecraft:item_frame":21,"minecraft:iron_shovel":3,"minecraft:player_head":1,"minecraft:spruce_slab":24,"minecraft:chest":2,"minecraft:birch_sapling":3,"minecraft:sugar_cane":53,"minecraft:spruce_trapdoor":19,"minecraft:piston":35,"minecraft:raw_iron":301,"minecraft:sandstone":10,"minecraft:carrot":2,"minecraft:redstone":8,"minecraft:stone_pressure_plate":2,"minecraft:tnt":6,"minecraft:stone_shovel":1,"minecraft:arrow":28,"minecraft:saddle":3,"minecraft:gold_ingot":47,"minecraft:white_wool":6,"minecraft:glow_berries":150,"minecraft:mutton":5,"minecraft:rail":2,"alexsmobs:kangaroo_meat":3,"minecraft:oxeye_daisy":1,"minecraft:jungle_boat":8,"minecraft:tripwire_hook":2,"minecraft:glow_ink_sac":8,"minecraft:salmon":5,"minecraft:leather":4,"minecraft:packed_mud":2,"minecraft:oak_log":25,"minecraft:yellow_bed":2,"minecraft:gunpowder":14,"minecraft:cobblestone_stairs":28,"minecraft:white_banner":4,"minecraft:cooked_mutton":3,"minecraft:apple":5,"minecraft:acacia_trapdoor":7,"minecraft:iron_ingot":112,"minecraft:stone_pickaxe":1,"weaponmaster:tutorialbook":2,"minecraft:iron_sword":2,"minecraft:acacia_sapling":4,"minecraft:book":68,"minecraft:scaffolding":44,"minecraft:smooth_basalt":3,"minecraft:quartz":6,"minecraft:gravel":80,"minecraft:soul_torch":1,"minecraft:white_bed":4,"minecraft:spruce_log":9,"minecraft:spider_eye":2,"alexsmobs:raw_catfish":21,"minecraft:polished_diorite":13,"minecraft:stone_axe":2,"minecraft:iron_helmet":2,"minecraft:painting":1,"minecraft:acacia_slab":12,"minecraft:coal":254,"minecraft:ender_pearl":1},"minecraft:custom":{"minecraft:interact_with_crafting_table":44,"minecraft:open_barrel":2,"minecraft:leave_game":11,"minecraft:time_since_death":28684,"minecraft:sprint_one_cm":879551,"minecraft:damage_blocked_by_shield":1305,"minecraft:drop":114,"minecraft:play_time":383161,"minecraft:deaths":18,"minecraft:jump":8618,"minecraft:walk_on_water_one_cm":71201,"minecraft:interact_with_furnace":22,"minecraft:sleep_in_bed":9,"minecraft:damage_dealt":17546,"minecraft:crouch_one_cm":87997,"minecraft:inspect_dispenser":1,"minecraft:mob_kills":93,"minecraft:climb_one_cm":27849,"minecraft:walk_one_cm":1069547,"minecraft:damage_dealt_absorbed":18,"minecraft:sneak_time":29259,"minecraft:walk_under_water_one_cm":48235,"minecraft:boat_one_cm":137655,"minecraft:total_world_time":383161,"minecraft:time_since_rest":12328,"minecraft:damage_taken":8637,"minecraft:swim_one_cm":200679,"minecraft:fly_one_cm":1567539,"minecraft:open_chest":111,"minecraft:fall_one_cm":269030},"minecraft:mined":{"minecraft:spruce_planks":15,"minecraft:white_bed":2,"minecraft:cobblestone_stairs":14,"minecraft:jungle_leaves":1,"minecraft:spruce_trapdoor":11,"minecraft:acacia_log":45,"minecraft:grass_block":33,"minecraft:jungle_log":33,"minecraft:oak_pressure_plate":2,"minecraft:coal_block":3,"minecraft:polished_diorite":9,"minecraft:spawner":7,"minecraft:tall_seagrass":2,"minecraft:potted_birch_sapling":1,"minecraft:iron_ore":141,"minecraft:cobbled_deepslate":10,"minecraft:moss_carpet":1,"minecraft:cave_vines":3,"minecraft:light_gray_concrete":15,"minecraft:azalea_leaves":2,"minecraft:spruce_slab":2,"minecraft:orange_bed":2,"minecraft:tripwire":3,"minecraft:chiseled_quartz_block":5,"minecraft:clay":5,"minecraft:torch":12,"minecraft:calcite":2,"minecraft:melon":5,"minecraft:chest":2,"minecraft:dead_bush":13,"minecraft:spruce_wall_sign":3,"minecraft:cobblestone":28,"minecraft:potted_acacia_sapling":1,"minecraft:cyan_bed":4,"minecraft:sugar_cane":19,"minecraft:oak_planks":17,"minecraft:iron_door":4,"minecraft:wall_torch":11,"minecraft:spruce_sign":4,"minecraft:chain":2,"minecraft:light_gray_stained_glass":2,"minecraft:tnt":2,"minecraft:stone_brick_stairs":3,"minecraft:grass":188,"minecraft:oak_log":25,"minecraft:acacia_fence":53,"minecraft:sand":2,"minecraft:dirt":73,"minecraft:smooth_quartz":15,"minecraft:sandstone_wall":1,"minecraft:smooth_basalt":3,"minecraft:piston":1,"minecraft:oak_leaves":35,"minecraft:deepslate":123,"minecraft:light_blue_stained_glass_pane":4,"minecraft:tuff":2,"minecraft:deepslate_diamond_ore":12,"minecraft:redstone_wire":6,"minecraft:acacia_slab":4,"minecraft:moss_block":47,"minecraft:sandstone":10,"minecraft:rooted_dirt":4,"minecraft:black_stained_glass_pane":2,"minecraft:furnace":6,"minecraft:acacia_trapdoor":8,"minecraft:acacia_stairs":1,"minecraft:andesite":93,"minecraft:bookshelf":7,"minecraft:deepslate_iron_ore":21,"minecraft:vine":5,"minecraft:rail":2,"minecraft:stone":283,"minecraft:white_wool":2,"minecraft:potted_allium":1,"minecraft:podzol":10,"minecraft:scaffolding":37,"minecraft:acacia_leaves":10,"minecraft:redstone_block":1,"minecraft:gray_concrete":4,"minecraft:glass_pane":2,"minecraft:brown_carpet":3,"minecraft:crafting_table":11,"minecraft:potted_oxeye_daisy":1,"minecraft:tall_grass":11,"minecraft:copper_ore":2,"minecraft:lapis_ore":5,"minecraft:big_dripleaf":1,"minecraft:spruce_stairs":27,"minecraft:coarse_dirt":14,"minecraft:acacia_fence_gate":3,"minecraft:yellow_bed":1,"minecraft:coal_ore":90,"minecraft:flower_pot":1,"minecraft:zombie_head":1,"minecraft:acacia_door":2,"minecraft:gravel":93,"minecraft:cobweb":18,"minecraft:acacia_planks":4,"minecraft:small_dripleaf":4,"minecraft:fern":24},"minecraft:killed_by":{"alexsmobs:elephant":1,"minecraft:zombie":2,"alexsmobs:komodo_dragon":2,"alexsmobs:rattlesnake":1,"alexsmobs:centipede_head":1,"minecraft:skeleton":4},"minecraft:crafted":{"minecraft:oak_planks":100,"minecraft:bookshelf":2,"minecraft:iron_boots":1,"minecraft:chest":2,"minecraft:crafting_table":9,"minecraft:spruce_planks":28,"minecraft:jungle_boat":1,"minecraft:wooden_pickaxe":23,"minecraft:iron_helmet":2,"minecraft:iron_chestplate":2,"minecraft:shield":3,"minecraft:stick":160,"minecraft:iron_ingot":80,"minecraft:iron_pickaxe":3,"minecraft:stone_sword":1,"minecraft:coal":27,"minecraft:stone_shovel":2,"minecraft:furnace":4,"minecraft:bone_meal":18,"minecraft:iron_axe":2,"minecraft:stone_pickaxe":5,"minecraft:iron_sword":2,"minecraft:bucket":1,"minecraft:stone_axe":1,"minecraft:jungle_slab":12,"minecraft:acacia_boat":1,"minecraft:air":0,"minecraft:jungle_planks":100,"minecraft:iron_shovel":1,"minecraft:iron_leggings":1,"minecraft:acacia_planks":108,"minecraft:torch":300,"minecraft:clay":2},"minecraft:broken":{"minecraft:wooden_pickaxe":2}},"DataVersion":3465}