{"stats":{"minecraft:killed_by":{"minecraft:zombie":2,"alexsmobs:komodo_dragon":2,"alexsmobs:rattlesnake":1,"alexsmobs:centipede_head":1,"minecraft:skeleton":4},"minecraft:crafted":{"minecraft:oak_planks":100,"minecraft:iron_boots":1,"minecraft:chest":2,"minecraft:crafting_table":9,"minecraft:spruce_planks":28,"minecraft:jungle_boat":1,"minecraft:wooden_pickaxe":23,"minecraft:iron_helmet":2,"minecraft:iron_chestplate":2,"minecraft:shield":3,"minecraft:stick":160,"minecraft:iron_pickaxe":3,"minecraft:iron_ingot":80,"minecraft:stone_sword":1,"minecraft:stone_shovel":2,"minecraft:coal":27,"minecraft:furnace":4,"minecraft:bone_meal":18,"minecraft:iron_axe":2,"minecraft:stone_pickaxe":5,"minecraft:iron_sword":2,"minecraft:bucket":1,"minecraft:stone_axe":1,"minecraft:jungle_slab":12,"minecraft:air":0,"minecraft:jungle_planks":100,"minecraft:iron_shovel":1,"minecraft:iron_leggings":1,"minecraft:acacia_planks":4,"minecraft:torch":292,"minecraft:clay":2},"minecraft:mined":{"minecraft:spruce_planks":15,"minecraft:white_bed":2,"minecraft:jungle_leaves":1,"minecraft:acacia_log":1,"minecraft:grass_block":33,"minecraft:jungle_log":33,"minecraft:coal_block":3,"minecraft:spawner":7,"minecraft:tall_seagrass":2,"minecraft:cobbled_deepslate":10,"minecraft:iron_ore":141,"minecraft:moss_carpet":1,"minecraft:cave_vines":3,"minecraft:light_gray_concrete":15,"minecraft:azalea_leaves":2,"minecraft:spruce_slab":2,"minecraft:tripwire":3,"minecraft:chiseled_quartz_block":5,"minecraft:clay":5,"minecraft:torch":12,"minecraft:calcite":2,"minecraft:melon":5,"minecraft:dead_bush":13,"minecraft:cobblestone":28,"minecraft:cyan_bed":4,"minecraft:sugar_cane":19,"minecraft:oak_planks":10,"minecraft:iron_door":4,"minecraft:wall_torch":11,"minecraft:light_gray_stained_glass":2,"minecraft:stone_brick_stairs":3,"minecraft:grass":188,"minecraft:oak_log":25,"minecraft:sand":2,"minecraft:dirt":68,"minecraft:smooth_quartz":15,"minecraft:sandstone_wall":1,"minecraft:smooth_basalt":3,"minecraft:oak_leaves":35,"minecraft:deepslate":123,"minecraft:light_blue_stained_glass_pane":4,"minecraft:tuff":2,"minecraft:deepslate_diamond_ore":12,"minecraft:redstone_wire":1,"minecraft:moss_block":47,"minecraft:sandstone":10,"minecraft:rooted_dirt":4,"minecraft:black_stained_glass_pane":2,"minecraft:furnace":5,"minecraft:acacia_stairs":1,"minecraft:andesite":93,"minecraft:deepslate_iron_ore":21,"minecraft:vine":5,"minecraft:rail":2,"minecraft:stone":279,"minecraft:white_wool":2,"minecraft:potted_allium":1,"minecraft:podzol":10,"minecraft:acacia_leaves":4,"minecraft:gray_concrete":4,"minecraft:glass_pane":2,"minecraft:crafting_table":9,"minecraft:tall_grass":11,"minecraft:copper_ore":2,"minecraft:lapis_ore":5,"minecraft:big_dripleaf":1,"minecraft:coarse_dirt":14,"minecraft:yellow_bed":1,"minecraft:coal_ore":86,"minecraft:zombie_head":1,"minecraft:gravel":93,"minecraft:cobweb":18,"minecraft:small_dripleaf":4,"minecraft:fern":24},"minecraft:picked_up":{"minecraft:iron_chestplate":1,"minecraft:lead":1,"minecraft:enchanted_book":9,"minecraft:stone_brick_stairs":4,"minecraft:string":35,"minecraft:raw_copper":14,"minecraft:iron_leggings":3,"minecraft:zombie_head":1,"minecraft:experience_bottle":12,"alexsmobs:emu_feather":3,"minecraft:cobbled_deepslate":178,"minecraft:spruce_planks":19,"minecraft:iron_pickaxe":4,"minecraft:smooth_quartz":12,"minecraft:melon_slice":42,"minecraft:coal_block":6,"minecraft:furnace":10,"minecraft:iron_boots":1,"minecraft:stick":40,"minecraft:big_dripleaf":2,"minecraft:oak_fence":2,"minecraft:torch":66,"minecraft:acacia_log":1,"minecraft:spruce_stairs":6,"minecraft:sandstone_wall":1,"minecraft:porkchop":14,"minecraft:stone_sword":2,"minecraft:rotten_flesh":25,"alexsmobs:emu_egg":1,"minecraft:leather_horse_armor":1,"minecraft:cod":2,"alexsmobs:flying_fish":2,"minecraft:cobblestone":352,"minecraft:jungle_log":27,"minecraft:iron_door":4,"minecraft:water_bucket":1,"minecraft:andesite":94,"minecraft:chiseled_quartz_block":6,"minecraft:flint":17,"minecraft:tuff":2,"minecraft:dirt":137,"minecraft:lapis_lazuli":61,"minecraft:gray_concrete":6,"minecraft:bone":32,"minecraft:bow":3,"minecraft:wheat_seeds":25,"minecraft:moss_block":64,"minecraft:oak_planks":45,"minecraft:cooked_porkchop":1,"minecraft:sand":2,"minecraft:jungle_planks":19,"minecraft:cyan_bed":4,"minecraft:acacia_stairs":2,"alexsmobs:animal_dictionary":2,"minecraft:iron_hoe":1,"minecraft:light_gray_concrete":17,"alexsmobs:kangaroo_hide":9,"minecraft:diamond":14,"minecraft:writable_book":1,"minecraft:golden_apple":1,"minecraft:bread":31,"minecraft:emerald":5,"minecraft:rooted_dirt":4,"alexsmobs:maggot":2,"minecraft:oak_sapling":5,"minecraft:crafting_table":12,"minecraft:coarse_dirt":17,"minecraft:clay_ball":39,"minecraft:wooden_pickaxe":25,"minecraft:shield":2,"minecraft:moss_carpet":1,"minecraft:iron_axe":1,"minecraft:item_frame":11,"minecraft:compass":1,"minecraft:iron_shovel":2,"minecraft:player_head":1,"minecraft:spruce_slab":10,"minecraft:sugar_cane":53,"minecraft:raw_iron":301,"minecraft:sandstone":10,"minecraft:carrot":2,"minecraft:redstone":3,"minecraft:stone_shovel":1,"minecraft:arrow":24,"minecraft:saddle":1,"minecraft:gold_ingot":11,"alexsmobs:kangaroo_meat":3,"minecraft:white_wool":6,"minecraft:glow_berries":150,"minecraft:mutton":5,"minecraft:rail":2,"minecraft:jungle_boat":8,"minecraft:glow_ink_sac":8,"minecraft:tripwire_hook":2,"minecraft:salmon":3,"minecraft:leather":4,"minecraft:packed_mud":2,"minecraft:oak_log":25,"minecraft:yellow_bed":2,"minecraft:gunpowder":14,"minecraft:cooked_mutton":1,"minecraft:apple":3,"minecraft:iron_ingot":54,"minecraft:stone_pickaxe":1,"minecraft:iron_sword":1,"minecraft:book":12,"minecraft:smooth_basalt":3,"minecraft:quartz":6,"minecraft:gravel":80,"minecraft:soul_torch":1,"minecraft:white_bed":4,"minecraft:spruce_log":9,"minecraft:spider_eye":2,"alexsmobs:raw_catfish":15,"minecraft:stone_axe":2,"minecraft:iron_helmet":1,"minecraft:painting":1,"minecraft:coal":213,"minecraft:ender_pearl":1},"minecraft:killed":{"minecraft:cave_spider":1,"minecraft:witch":1,"minecraft:spider":6,"minecraft:skeleton":29,"alexsmobs:kangaroo":2,"minecraft:pig":3,"minecraft:salmon":3,"minecraft:sheep":4,"minecraft:zombie":24,"alexsmobs:terrapin":1,"alexsmobs:roadrunner":1,"alexsmobs:fly":2,"alexsmobs:flying_fish":1,"minecraft:husk":6,"minecraft:frog":1,"alexsmobs:emu":1,"alexsmobs:catfish":1,"alexsmobs:cockroach":1},"minecraft:custom":{"minecraft:interact_with_crafting_table":41,"minecraft:open_barrel":2,"minecraft:leave_game":11,"minecraft:time_since_death":66182,"minecraft:sprint_one_cm":727431,"minecraft:damage_blocked_by_shield":1305,"minecraft:drop":102,"minecraft:play_time":339227,"minecraft:deaths":17,"minecraft:jump":8062,"minecraft:walk_on_water_one_cm":62494,"minecraft:interact_with_furnace":22,"minecraft:sleep_in_bed":6,"minecraft:damage_dealt":17026,"minecraft:crouch_one_cm":76475,"minecraft:inspect_dispenser":1,"minecraft:mob_kills":91,"minecraft:climb_one_cm":20936,"minecraft:walk_one_cm":621970,"minecraft:sneak_time":28085,"minecraft:walk_under_water_one_cm":46889,"minecraft:boat_one_cm":137655,"minecraft:total_world_time":339227,"minecraft:time_since_rest":5017,"minecraft:damage_taken":8146,"minecraft:swim_one_cm":199918,"minecraft:fly_one_cm":1426536,"minecraft:open_chest":87,"minecraft:fall_one_cm":259704},"minecraft:broken":{"minecraft:wooden_pickaxe":2},"minecraft:dropped":{"minecraft:moss_block":2,"minecraft:lapis_lazuli":5,"minecraft:cooked_porkchop":1,"minecraft:glow_berries":1,"minecraft:leather":7,"minecraft:jungle_planks":18,"minecraft:saddle":1,"minecraft:cod":2,"minecraft:item_frame":3,"minecraft:gray_concrete":5,"minecraft:iron_pickaxe":2,"minecraft:bone":8,"minecraft:compass":3,"minecraft:sugar_cane":12,"minecraft:rotten_flesh":7,"minecraft:acacia_stairs":1,"minecraft:carrot":2,"minecraft:leather_chestplate":1,"minecraft:leather_boots":1,"minecraft:painting":1,"minecraft:spruce_slab":2,"minecraft:arrow":13,"minecraft:stone_brick_stairs":4,"minecraft:quartz":12,"minecraft:enchanted_book":2,"minecraft:wheat_seeds":10,"minecraft:iron_helmet":1,"minecraft:lead":1,"minecraft:apple":2,"alexsmobs:raw_catfish":12,"minecraft:stick":2,"minecraft:leather_horse_armor":1,"minecraft:iron_door":3,"minecraft:zombie_head":1,"minecraft:iron_leggings":3,"minecraft:string":4,"minecraft:tripwire_hook":2,"minecraft:smooth_basalt":3,"minecraft:player_head":1,"minecraft:chiseled_quartz_block":6,"minecraft:tuff":1,"minecraft:raw_iron":3,"minecraft:clay_ball":3,"minecraft:light_gray_concrete":5,"minecraft:spruce_planks":6,"minecraft:andesite":1,"minecraft:yellow_bed":2,"minecraft:spider_eye":2,"minecraft:stone_pickaxe":1,"minecraft:wooden_pickaxe":4},"minecraft:used":{"alexsmobs:emu_egg":1,"minecraft:moss_block":13,"minecraft:moss_carpet":1,"minecraft:writable_book":1,"minecraft:iron_shovel":58,"minecraft:spruce_slab":1,"minecraft:chest":2,"minecraft:shield":54,"minecraft:stone":30,"minecraft:iron_sword":277,"minecraft:mutton":5,"minecraft:tuff":1,"minecraft:axolotl_bucket":4,"minecraft:lava_bucket":10,"minecraft:item_frame":9,"minecraft:furnace":5,"minecraft:oak_sapling":5,"minecraft:stone_pickaxe":146,"minecraft:oak_planks":2,"minecraft:ender_pearl":1,"minecraft:leather_chestplate":1,"minecraft:wooden_pickaxe":311,"minecraft:sandstone":10,"minecraft:sugar_cane":1,"minecraft:clay":2,"minecraft:jungle_boat":9,"minecraft:white_wool":6,"minecraft:glow_berries":149,"minecraft:sand":2,"minecraft:gray_concrete":1,"minecraft:cyan_bed":3,"minecraft:light_gray_concrete":5,"minecraft:bread":53,"minecraft:melon_slice":24,"minecraft:iron_door":1,"minecraft:gravel":42,"minecraft:andesite":79,"minecraft:coarse_dirt":13,"minecraft:bone_meal":18,"minecraft:experience_bottle":12,"minecraft:stone_sword":59,"minecraft:stone_shovel":22,"minecraft:redstone":1,"minecraft:spruce_planks":1,"minecraft:sandstone_wall":1,"minecraft:torch":375,"minecraft:dirt":114,"minecraft:iron_axe":32,"minecraft:rooted_dirt":4,"minecraft:jungle_log":2,"minecraft:smooth_quartz":4,"minecraft:cobbled_deepslate":75,"minecraft:iron_leggings":1,"minecraft:cooked_mutton":1,"minecraft:water_bucket":24,"minecraft:leather_boots":1,"minecraft:salmon":3,"minecraft:crafting_table":15,"minecraft:white_bed":2,"minecraft:acacia_stairs":1,"minecraft:apple":1,"minecraft:iron_pickaxe":558,"minecraft:stone_axe":26,"minecraft:cobblestone":140,"minecraft:bucket":40,"alexsmobs:animal_dictionary":3,"minecraft:soul_torch":1}},"DataVersion":3465}