{"stats":{"minecraft:custom":{"minecraft:mob_kills":63,"minecraft:interact_with_crafting_table":33,"minecraft:leave_game":3,"minecraft:time_since_death":14741,"minecraft:climb_one_cm":4086,"minecraft:sprint_one_cm":346142,"minecraft:walk_one_cm":377975,"minecraft:damage_blocked_by_shield":1155,"minecraft:drop":25,"minecraft:play_time":212541,"minecraft:sneak_time":17001,"minecraft:deaths":9,"minecraft:walk_under_water_one_cm":5173,"minecraft:jump":4769,"minecraft:walk_on_water_one_cm":26588,"minecraft:total_world_time":212541,"minecraft:interact_with_furnace":20,"minecraft:sleep_in_bed":2,"minecraft:time_since_rest":14767,"minecraft:damage_taken":4039,"minecraft:damage_dealt":11022,"minecraft:swim_one_cm":43673,"minecraft:fly_one_cm":761563,"minecraft:open_chest":35,"minecraft:crouch_one_cm":47136,"minecraft:fall_one_cm":154414},"minecraft:crafted":{"minecraft:oak_planks":76,"minecraft:stone_shovel":2,"minecraft:furnace":4,"minecraft:bone_meal":18,"minecraft:iron_boots":1,"minecraft:iron_axe":1,"minecraft:stone_pickaxe":5,"minecraft:chest":2,"minecraft:crafting_table":5,"minecraft:spruce_planks":28,"minecraft:wooden_pickaxe":13,"minecraft:iron_helmet":1,"minecraft:iron_sword":1,"minecraft:bucket":1,"minecraft:stone_axe":1,"minecraft:jungle_slab":12,"minecraft:air":0,"minecraft:jungle_planks":68,"minecraft:iron_chestplate":1,"minecraft:shield":2,"minecraft:stick":136,"minecraft:iron_ingot":80,"minecraft:iron_pickaxe":3,"minecraft:stone_sword":1,"minecraft:iron_shovel":1,"minecraft:iron_leggings":1,"minecraft:acacia_planks":4,"minecraft:torch":252,"minecraft:clay":2},"minecraft:used":{"minecraft:moss_block":7,"minecraft:moss_carpet":1,"minecraft:stone_sword":59,"minecraft:iron_shovel":40,"minecraft:stone_shovel":22,"minecraft:spruce_planks":1,"minecraft:chest":2,"minecraft:shield":49,"minecraft:iron_sword":125,"minecraft:torch":270,"minecraft:dirt":60,"minecraft:mutton":5,"minecraft:tuff":1,"minecraft:axolotl_bucket":4,"minecraft:lava_bucket":10,"minecraft:iron_axe":11,"minecraft:jungle_log":2,"minecraft:furnace":5,"minecraft:oak_sapling":5,"minecraft:cobbled_deepslate":42,"minecraft:water_bucket":19,"minecraft:stone_pickaxe":146,"minecraft:oak_planks":2,"minecraft:wooden_pickaxe":180,"minecraft:sandstone":10,"minecraft:clay":2,"minecraft:white_wool":5,"minecraft:glow_berries":129,"minecraft:crafting_table":11,"minecraft:white_bed":2,"minecraft:apple":1,"minecraft:bread":19,"minecraft:melon_slice":5,"minecraft:iron_pickaxe":427,"minecraft:gravel":42,"minecraft:stone_axe":26,"minecraft:cobblestone":127,"minecraft:bucket":34,"minecraft:andesite":79,"alexsmobs:animal_dictionary":3,"minecraft:coarse_dirt":6,"minecraft:bone_meal":18},"minecraft:dropped":{"minecraft:moss_block":1,"minecraft:wheat_seeds":2,"minecraft:glow_berries":1,"minecraft:iron_pickaxe":2,"minecraft:smooth_basalt":3,"minecraft:tuff":1,"minecraft:raw_iron":3,"minecraft:rotten_flesh":2,"minecraft:clay_ball":3,"minecraft:spruce_planks":6,"minecraft:andesite":1,"minecraft:spider_eye":1,"minecraft:arrow":5,"minecraft:stone_pickaxe":1,"minecraft:wooden_pickaxe":4},"minecraft:killed_by":{"alexsmobs:centipede_head":1,"minecraft:skeleton":2,"minecraft:zombie":1,"alexsmobs:komodo_dragon":1},"minecraft:picked_up":{"minecraft:iron_chestplate":1,"minecraft:crafting_table":10,"minecraft:coarse_dirt":8,"minecraft:clay_ball":27,"minecraft:wooden_pickaxe":6,"minecraft:shield":2,"minecraft:string":10,"minecraft:moss_carpet":1,"minecraft:raw_copper":14,"minecraft:iron_axe":1,"minecraft:iron_leggings":1,"minecraft:iron_shovel":1,"alexsmobs:emu_feather":3,"minecraft:cobbled_deepslate":72,"minecraft:spruce_planks":6,"minecraft:iron_pickaxe":4,"minecraft:melon_slice":13,"minecraft:sugar_cane":28,"minecraft:iron_boots":1,"minecraft:furnace":10,"minecraft:raw_iron":301,"minecraft:stick":38,"minecraft:sandstone":10,"minecraft:big_dripleaf":2,"minecraft:torch":30,"minecraft:acacia_log":1,"minecraft:spruce_stairs":6,"minecraft:porkchop":14,"minecraft:rotten_flesh":19,"minecraft:stone_sword":2,"minecraft:arrow":9,"minecraft:stone_shovel":1,"minecraft:glow_berries":144,"minecraft:mutton":5,"alexsmobs:flying_fish":2,"alexsmobs:kangaroo_meat":3,"minecraft:white_wool":5,"minecraft:cobblestone":248,"minecraft:glow_ink_sac":3,"minecraft:water_bucket":1,"minecraft:jungle_log":19,"minecraft:andesite":94,"minecraft:packed_mud":2,"minecraft:flint":10,"minecraft:tuff":2,"minecraft:oak_log":19,"minecraft:gunpowder":14,"minecraft:dirt":71,"minecraft:lapis_lazuli":60,"minecraft:bone":11,"minecraft:apple":1,"minecraft:bow":2,"minecraft:wheat_seeds":4,"minecraft:iron_ingot":39,"minecraft:moss_block":54,"minecraft:iron_sword":1,"minecraft:oak_planks":34,"minecraft:smooth_basalt":3,"minecraft:gravel":59,"minecraft:white_bed":4,"minecraft:spruce_log":9,"minecraft:spider_eye":1,"alexsmobs:animal_dictionary":2,"alexsmobs:kangaroo_hide":9,"minecraft:diamond":7,"minecraft:stone_axe":2,"minecraft:iron_helmet":1,"minecraft:bread":29,"alexsmobs:maggot":2,"minecraft:oak_sapling":5,"minecraft:coal":208},"minecraft:broken":{"minecraft:wooden_pickaxe":1},"minecraft:killed":{"minecraft:spider":4,"minecraft:skeleton":17,"alexsmobs:flying_fish":1,"alexsmobs:kangaroo":2,"minecraft:husk":4,"minecraft:pig":3,"alexsmobs:emu":1,"minecraft:sheep":4,"alexsmobs:cockroach":1,"minecraft:zombie":20,"alexsmobs:roadrunner":1,"alexsmobs:fly":2},"minecraft:mined":{"minecraft:tuff":2,"minecraft:white_bed":2,"minecraft:spruce_planks":1,"minecraft:deepslate_diamond_ore":5,"minecraft:acacia_log":1,"minecraft:grass_block":12,"minecraft:jungle_log":25,"minecraft:moss_block":37,"minecraft:sandstone":10,"minecraft:furnace":5,"minecraft:iron_ore":141,"minecraft:cobbled_deepslate":2,"minecraft:andesite":93,"minecraft:moss_carpet":1,"minecraft:cave_vines":3,"minecraft:deepslate_iron_ore":21,"minecraft:vine":4,"minecraft:azalea_leaves":1,"minecraft:stone":226,"minecraft:white_wool":1,"minecraft:acacia_leaves":4,"minecraft:crafting_table":7,"minecraft:clay":4,"minecraft:torch":4,"minecraft:calcite":2,"minecraft:melon":1,"minecraft:dead_bush":11,"minecraft:tall_grass":2,"minecraft:copper_ore":2,"minecraft:cobblestone":19,"minecraft:lapis_ore":5,"minecraft:oak_planks":8,"minecraft:sugar_cane":10,"minecraft:wall_torch":6,"minecraft:big_dripleaf":1,"minecraft:coarse_dirt":6,"minecraft:grass":31,"minecraft:coal_ore":86,"minecraft:oak_log":19,"minecraft:dirt":41,"minecraft:gravel":71,"minecraft:cobweb":2,"minecraft:smooth_basalt":3,"minecraft:small_dripleaf":3,"minecraft:oak_leaves":35,"minecraft:deepslate":63,"minecraft:fern":7}},"DataVersion":3465}