{"stats":{"minecraft:killed_by":{"alexsmobs:centipede_head":1,"minecraft:skeleton":3,"minecraft:zombie":1,"alexsmobs:komodo_dragon":1},"minecraft:crafted":{"minecraft:oak_planks":76,"minecraft:stone_shovel":2,"minecraft:furnace":4,"minecraft:bone_meal":18,"minecraft:iron_boots":1,"minecraft:iron_axe":1,"minecraft:stone_pickaxe":5,"minecraft:chest":2,"minecraft:crafting_table":5,"minecraft:spruce_planks":28,"minecraft:wooden_pickaxe":13,"minecraft:iron_helmet":1,"minecraft:iron_sword":1,"minecraft:bucket":1,"minecraft:stone_axe":1,"minecraft:jungle_slab":12,"minecraft:air":0,"minecraft:jungle_planks":68,"minecraft:iron_chestplate":1,"minecraft:shield":2,"minecraft:stick":140,"minecraft:iron_ingot":80,"minecraft:iron_pickaxe":3,"minecraft:stone_sword":1,"minecraft:iron_shovel":1,"minecraft:iron_leggings":1,"minecraft:acacia_planks":4,"minecraft:torch":272,"minecraft:clay":2},"minecraft:mined":{"minecraft:tuff":2,"minecraft:spruce_planks":1,"minecraft:white_bed":2,"minecraft:deepslate_diamond_ore":12,"minecraft:acacia_log":1,"minecraft:grass_block":12,"minecraft:jungle_log":27,"minecraft:moss_block":39,"minecraft:sandstone":10,"minecraft:spawner":1,"minecraft:furnace":5,"minecraft:iron_ore":141,"minecraft:cobbled_deepslate":8,"minecraft:andesite":93,"minecraft:moss_carpet":1,"minecraft:cave_vines":3,"minecraft:deepslate_iron_ore":21,"minecraft:vine":4,"minecraft:rail":2,"minecraft:azalea_leaves":1,"minecraft:stone":226,"minecraft:white_wool":1,"minecraft:acacia_leaves":4,"minecraft:clay":4,"minecraft:crafting_table":8,"minecraft:torch":10,"minecraft:calcite":2,"minecraft:melon":1,"minecraft:dead_bush":11,"minecraft:tall_grass":3,"minecraft:copper_ore":2,"minecraft:cobblestone":19,"minecraft:lapis_ore":5,"minecraft:sugar_cane":10,"minecraft:oak_planks":10,"minecraft:wall_torch":9,"minecraft:big_dripleaf":1,"minecraft:coarse_dirt":6,"minecraft:grass":32,"minecraft:oak_log":19,"minecraft:coal_ore":86,"minecraft:gravel":88,"minecraft:dirt":41,"minecraft:cobweb":18,"minecraft:smooth_basalt":3,"minecraft:small_dripleaf":3,"minecraft:oak_leaves":35,"minecraft:deepslate":92,"minecraft:fern":7},"minecraft:picked_up":{"minecraft:crafting_table":11,"minecraft:iron_chestplate":1,"minecraft:coarse_dirt":8,"minecraft:clay_ball":27,"minecraft:wooden_pickaxe":6,"minecraft:shield":2,"minecraft:string":29,"minecraft:moss_carpet":1,"minecraft:raw_copper":14,"minecraft:iron_axe":1,"minecraft:iron_leggings":1,"minecraft:iron_shovel":1,"alexsmobs:emu_feather":3,"minecraft:cobbled_deepslate":114,"minecraft:spruce_planks":6,"minecraft:iron_pickaxe":4,"minecraft:melon_slice":13,"minecraft:sugar_cane":28,"minecraft:furnace":10,"minecraft:iron_boots":1,"minecraft:stick":38,"minecraft:raw_iron":301,"minecraft:sandstone":10,"minecraft:big_dripleaf":2,"minecraft:oak_fence":2,"minecraft:torch":62,"minecraft:acacia_log":1,"minecraft:spruce_stairs":6,"minecraft:porkchop":14,"minecraft:redstone":2,"minecraft:rotten_flesh":20,"minecraft:stone_sword":2,"minecraft:arrow":9,"minecraft:stone_shovel":1,"minecraft:rail":2,"minecraft:glow_berries":150,"minecraft:mutton":5,"alexsmobs:flying_fish":2,"alexsmobs:kangaroo_meat":3,"minecraft:white_wool":5,"minecraft:cobblestone":248,"minecraft:glow_ink_sac":5,"minecraft:water_bucket":1,"minecraft:andesite":94,"minecraft:jungle_log":21,"minecraft:packed_mud":2,"minecraft:flint":11,"minecraft:tuff":2,"minecraft:oak_log":19,"minecraft:gunpowder":14,"minecraft:lapis_lazuli":60,"minecraft:dirt":71,"minecraft:bone":11,"minecraft:apple":1,"minecraft:bow":2,"minecraft:wheat_seeds":4,"minecraft:iron_ingot":39,"minecraft:moss_block":56,"minecraft:iron_sword":1,"minecraft:oak_planks":45,"minecraft:smooth_basalt":3,"minecraft:gravel":75,"minecraft:white_bed":4,"minecraft:spruce_log":9,"alexsmobs:animal_dictionary":2,"minecraft:spider_eye":1,"alexsmobs:kangaroo_hide":9,"minecraft:diamond":14,"minecraft:stone_axe":2,"minecraft:iron_helmet":1,"minecraft:bread":29,"alexsmobs:maggot":2,"minecraft:oak_sapling":5,"minecraft:coal":208},"minecraft:killed":{"minecraft:cave_spider":1,"minecraft:witch":1,"minecraft:spider":4,"minecraft:skeleton":17,"alexsmobs:flying_fish":1,"alexsmobs:kangaroo":2,"minecraft:husk":4,"minecraft:pig":3,"alexsmobs:emu":1,"minecraft:sheep":4,"minecraft:zombie":24,"alexsmobs:cockroach":1,"alexsmobs:roadrunner":1,"alexsmobs:fly":2},"minecraft:custom":{"minecraft:mob_kills":69,"minecraft:interact_with_crafting_table":34,"minecraft:leave_game":4,"minecraft:time_since_death":1364,"minecraft:climb_one_cm":4170,"minecraft:sprint_one_cm":444739,"minecraft:walk_one_cm":420000,"minecraft:damage_blocked_by_shield":1260,"minecraft:drop":25,"minecraft:play_time":229611,"minecraft:sneak_time":18834,"minecraft:deaths":10,"minecraft:walk_under_water_one_cm":5271,"minecraft:jump":5083,"minecraft:walk_on_water_one_cm":32551,"minecraft:total_world_time":229611,"minecraft:interact_with_furnace":20,"minecraft:sleep_in_bed":2,"minecraft:time_since_rest":1394,"minecraft:damage_taken":4379,"minecraft:damage_dealt":12576,"minecraft:swim_one_cm":43673,"minecraft:fly_one_cm":795349,"minecraft:open_chest":35,"minecraft:crouch_one_cm":52951,"minecraft:fall_one_cm":159638},"minecraft:broken":{"minecraft:wooden_pickaxe":1},"minecraft:dropped":{"minecraft:moss_block":1,"minecraft:wheat_seeds":2,"minecraft:glow_berries":1,"minecraft:iron_pickaxe":2,"minecraft:smooth_basalt":3,"minecraft:tuff":1,"minecraft:raw_iron":3,"minecraft:rotten_flesh":2,"minecraft:clay_ball":3,"minecraft:spruce_planks":6,"minecraft:andesite":1,"minecraft:spider_eye":1,"minecraft:arrow":5,"minecraft:wooden_pickaxe":4,"minecraft:stone_pickaxe":1},"minecraft:used":{"minecraft:moss_block":7,"minecraft:moss_carpet":1,"minecraft:stone_sword":59,"minecraft:iron_shovel":58,"minecraft:stone_shovel":22,"minecraft:chest":2,"minecraft:spruce_planks":1,"minecraft:shield":53,"minecraft:iron_sword":175,"minecraft:torch":353,"minecraft:dirt":60,"minecraft:mutton":5,"minecraft:tuff":1,"minecraft:axolotl_bucket":4,"minecraft:lava_bucket":10,"minecraft:iron_axe":14,"minecraft:jungle_log":2,"minecraft:oak_sapling":5,"minecraft:furnace":5,"minecraft:cobbled_deepslate":63,"minecraft:water_bucket":23,"minecraft:stone_pickaxe":146,"minecraft:oak_planks":2,"minecraft:wooden_pickaxe":180,"minecraft:sandstone":10,"minecraft:clay":2,"minecraft:white_wool":5,"minecraft:glow_berries":149,"minecraft:crafting_table":11,"minecraft:white_bed":2,"minecraft:apple":1,"minecraft:bread":21,"minecraft:melon_slice":5,"minecraft:iron_pickaxe":472,"minecraft:gravel":42,"minecraft:stone_axe":26,"minecraft:cobblestone":127,"minecraft:andesite":79,"minecraft:bucket":38,"alexsmobs:animal_dictionary":3,"minecraft:coarse_dirt":6,"minecraft:bone_meal":18}},"DataVersion":3465}