{"stats":{"minecraft:killed":{"minecraft:cave_spider":1,"minecraft:witch":1,"minecraft:spider":6,"minecraft:skeleton":29,"alexsmobs:kangaroo":2,"minecraft:pig":3,"minecraft:salmon":3,"minecraft:creeper":1,"minecraft:sheep":4,"minecraft:zombie":25,"alexsmobs:terrapin":1,"alexsmobs:roadrunner":1,"alexsmobs:fly":2,"alexsmobs:flying_fish":1,"minecraft:husk":6,"alexsmobs:skunk":1,"majruszsdifficulty:cursed_armor":1,"minecraft:frog":1,"alexsmobs:emu":1,"alexsmobs:catfish":1,"alexsmobs:cockroach":1,"minecraft:villager":4},"minecraft:dropped":{"minecraft:iron_sword":5,"minecraft:moss_block":2,"minecraft:lapis_lazuli":5,"minecraft:glass_bottle":5,"minecraft:cooked_porkchop":1,"minecraft:glow_berries":1,"minecraft:lantern":3,"minecraft:leather":7,"minecraft:jungle_planks":18,"minecraft:saddle":1,"minecraft:red_carpet":6,"minecraft:cod":2,"minecraft:item_frame":20,"minecraft:melon":1,"minecraft:gray_concrete":5,"minecraft:orange_carpet":2,"minecraft:chain":2,"minecraft:iron_pickaxe":3,"minecraft:acacia_door":1,"minecraft:white_wool":1,"minecraft:bone":9,"minecraft:white_tulip":2,"minecraft:compass":3,"minecraft:sugar_cane":12,"minecraft:wheat":1,"minecraft:birch_sapling":1,"minecraft:rotten_flesh":9,"minecraft:oak_planks":21,"minecraft:azure_bluet":2,"minecraft:acacia_stairs":1,"minecraft:carrot":2,"minecraft:chainmail_chestplate":1,"minecraft:poppy":3,"minecraft:leather_chestplate":1,"minecraft:gunpowder":2,"minecraft:skeleton_skull":2,"minecraft:stone_brick_wall":2,"minecraft:chainmail_boots":2,"minecraft:melon_seeds":2,"minecraft:acacia_slab":4,"minecraft:leather_boots":1,"minecraft:acacia_sapling":2,"minecraft:painting":1,"minecraft:spruce_slab":3,"minecraft:arrow":13,"minecraft:quartz":12,"minecraft:stone_brick_stairs":4,"minecraft:golden_boots":1,"minecraft:enchanted_book":2,"minecraft:bread":320,"minecraft:oak_slab":3,"minecraft:wheat_seeds":26,"minecraft:iron_helmet":1,"minecraft:yellow_terracotta":1,"minecraft:lead":1,"minecraft:apple":2,"minecraft:spruce_stairs":2,"minecraft:yellow_carpet":5,"minecraft:acacia_log":18,"minecraft:chainmail_helmet":2,"minecraft:coal":4,"alexsmobs:raw_catfish":12,"minecraft:stick":2,"minecraft:leather_horse_armor":1,"minecraft:iron_door":3,"minecraft:zombie_head":3,"minecraft:iron_leggings":3,"minecraft:oak_stairs":7,"minecraft:iron_axe":3,"minecraft:acacia_planks":22,"minecraft:chainmail_leggings":3,"minecraft:string":53,"minecraft:redstone":9,"minecraft:tripwire_hook":2,"minecraft:smooth_basalt":3,"minecraft:pink_tulip":2,"minecraft:polished_diorite":2,"minecraft:player_head":1,"minecraft:chiseled_quartz_block":6,"minecraft:sticky_piston":2,"minecraft:tuff":1,"minecraft:raw_iron":3,"minecraft:clay_ball":3,"minecraft:iron_boots":1,"minecraft:damaged_anvil":1,"minecraft:light_gray_concrete":5,"minecraft:filled_map":2,"minecraft:spruce_trapdoor":4,"minecraft:spruce_planks":9,"minecraft:iron_chestplate":1,"minecraft:andesite":1,"minecraft:yellow_bed":2,"minecraft:stone_bricks":2,"minecraft:spider_eye":2,"minecraft:brown_carpet":1,"minecraft:bow":2,"minecraft:stone_pickaxe":1,"minecraft:wooden_pickaxe":4},"minecraft:used":{"alexsmobs:emu_egg":3,"minecraft:moss_block":13,"minecraft:moss_carpet":1,"minecraft:writable_book":1,"minecraft:iron_shovel":66,"minecraft:melon":1,"minecraft:spruce_slab":22,"minecraft:chest":4,"minecraft:shield":55,"minecraft:stone":30,"minecraft:iron_sword":346,"minecraft:mutton":5,"minecraft:tuff":1,"minecraft:axolotl_bucket":4,"minecraft:lava_bucket":10,"minecraft:lantern":5,"minecraft:stone_bricks":5,"minecraft:item_frame":10,"minecraft:brown_carpet":30,"minecraft:bow":3,"minecraft:scaffolding":69,"minecraft:oak_sapling":5,"minecraft:furnace":5,"minecraft:acacia_fence":6,"minecraft:mossy_stone_bricks":1,"minecraft:damaged_anvil":1,"minecraft:acacia_trapdoor":8,"minecraft:stone_pickaxe":146,"minecraft:oak_planks":10,"minecraft:ender_pearl":1,"minecraft:wooden_pickaxe":311,"minecraft:leather_chestplate":1,"minecraft:sandstone":10,"minecraft:clay":2,"minecraft:sugar_cane":1,"minecraft:jungle_boat":9,"minecraft:white_wool":6,"minecraft:glow_berries":149,"minecraft:sand":2,"minecraft:yellow_terracotta":2,"minecraft:gray_concrete":1,"minecraft:lever":2,"minecraft:daylight_detector":1,"minecraft:acacia_door":1,"minecraft:melon_slice":24,"minecraft:light_gray_concrete":5,"minecraft:bread":114,"minecraft:cyan_bed":7,"minecraft:oak_pressure_plate":4,"minecraft:iron_door":1,"minecraft:gravel":42,"minecraft:andesite":79,"minecraft:oak_boat":1,"minecraft:coarse_dirt":13,"minecraft:cobweb":2,"minecraft:bone_meal":18,"minecraft:experience_bottle":12,"minecraft:flint_and_steel":64,"minecraft:stone_sword":59,"minecraft:white_tulip":1,"minecraft:stone_shovel":22,"minecraft:redstone":7,"minecraft:spruce_planks":1,"minecraft:sandstone_wall":1,"minecraft:orange_bed":4,"minecraft:torch":375,"minecraft:dirt":114,"minecraft:spruce_stairs":43,"minecraft:yellow_carpet":3,"minecraft:polished_diorite":7,"minecraft:iron_hoe":76,"minecraft:bookshelf":4,"minecraft:iron_axe":394,"minecraft:rooted_dirt":4,"minecraft:jungle_log":2,"minecraft:smooth_quartz":4,"minecraft:cobbled_deepslate":75,"minecraft:iron_leggings":1,"minecraft:acacia_planks":31,"minecraft:cooked_mutton":1,"minecraft:acacia_boat":1,"minecraft:water_bucket":116,"minecraft:spruce_sign":19,"minecraft:leather_boots":1,"minecraft:salmon":3,"minecraft:terracotta":1,"minecraft:tnt":2,"minecraft:oak_slab":7,"minecraft:crafting_table":19,"minecraft:white_bed":3,"minecraft:flower_pot":2,"minecraft:acacia_stairs":1,"minecraft:apple":1,"minecraft:map":2,"minecraft:iron_pickaxe":697,"minecraft:spruce_trapdoor":32,"minecraft:stone_axe":26,"minecraft:cobblestone":140,"minecraft:bucket":132,"alexsmobs:animal_dictionary":3,"minecraft:soul_torch":1},"minecraft:picked_up":{"minecraft:iron_chestplate":3,"minecraft:wheat":2,"minecraft:chainmail_boots":2,"minecraft:redstone_block":1,"minecraft:flower_pot":6,"minecraft:smithing_table":2,"minecraft:lead":1,"minecraft:oak_stairs":7,"minecraft:enchanted_book":10,"minecraft:stone_brick_stairs":4,"minecraft:string":88,"minecraft:raw_copper":14,"minecraft:iron_leggings":4,"minecraft:sticky_piston":2,"minecraft:zombie_head":3,"minecraft:experience_bottle":12,"alexsmobs:emu_feather":3,"minecraft:cobbled_deepslate":178,"minecraft:comparator":15,"minecraft:spruce_planks":22,"minecraft:acacia_fence_gate":3,"minecraft:white_tulip":3,"minecraft:smooth_quartz":28,"minecraft:iron_pickaxe":5,"minecraft:melon_slice":42,"minecraft:coal_block":55,"minecraft:furnace":14,"minecraft:iron_boots":3,"minecraft:stick":44,"minecraft:acacia_fence":98,"minecraft:big_dripleaf":2,"minecraft:oak_fence":2,"minecraft:torch":77,"minecraft:acacia_log":88,"minecraft:spruce_stairs":66,"minecraft:sandstone_wall":1,"minecraft:porkchop":14,"minecraft:brown_carpet":43,"minecraft:orange_bed":6,"minecraft:stone_sword":2,"minecraft:rotten_flesh":27,"alexsmobs:flying_fish_boots":1,"alexsmobs:emu_egg":3,"minecraft:leather_horse_armor":1,"minecraft:cod":2,"alexsmobs:flying_fish":2,"minecraft:cobblestone":365,"minecraft:water_bucket":2,"minecraft:iron_door":4,"minecraft:andesite":94,"minecraft:jungle_log":27,"minecraft:orange_carpet":6,"minecraft:chiseled_quartz_block":6,"minecraft:flint":17,"minecraft:tuff":2,"minecraft:lantern":13,"minecraft:gray_concrete":6,"minecraft:lapis_lazuli":61,"minecraft:dirt":142,"minecraft:bone":53,"minecraft:acacia_planks":129,"minecraft:bow":6,"minecraft:wheat_seeds":39,"minecraft:grindstone":1,"minecraft:mossy_stone_bricks":1,"minecraft:moss_block":64,"minecraft:oak_planks":74,"minecraft:cooked_porkchop":1,"minecraft:oak_pressure_plate":4,"minecraft:jungle_planks":19,"minecraft:sand":2,"minecraft:melon":4,"minecraft:acacia_stairs":2,"minecraft:cyan_bed":8,"alexsmobs:animal_dictionary":2,"minecraft:iron_hoe":2,"minecraft:light_gray_concrete":17,"alexsmobs:kangaroo_hide":9,"minecraft:yellow_carpet":8,"minecraft:diamond":14,"minecraft:lever":2,"minecraft:writable_book":1,"minecraft:crossbow":1,"minecraft:golden_apple":2,"minecraft:grass":1,"minecraft:chainmail_helmet":2,"minecraft:spruce_sign":33,"minecraft:emerald":17,"minecraft:bread":212,"alexsmobs:maggot":2,"minecraft:rooted_dirt":4,"minecraft:oak_sapling":5,"minecraft:andesite_slab":1,"minecraft:coarse_dirt":17,"minecraft:crafting_table":17,"minecraft:azure_bluet":2,"minecraft:clay_ball":39,"minecraft:redstone_lamp":18,"minecraft:wooden_pickaxe":25,"minecraft:stone_brick_wall":2,"minecraft:orange_banner":6,"minecraft:chain":8,"minecraft:shield":4,"minecraft:moss_carpet":1,"minecraft:iron_axe":4,"minecraft:acacia_door":4,"minecraft:compass":1,"minecraft:item_frame":42,"minecraft:white_carpet":4,"minecraft:iron_shovel":3,"minecraft:poppy":3,"minecraft:oak_boat":1,"minecraft:player_head":1,"minecraft:spruce_slab":39,"minecraft:birch_sapling":3,"minecraft:chest":2,"minecraft:sugar_cane":53,"minecraft:piston":36,"minecraft:spruce_trapdoor":44,"minecraft:raw_iron":301,"minecraft:sandstone":10,"minecraft:carrot":2,"minecraft:redstone":23,"minecraft:stone_pressure_plate":2,"minecraft:tnt":8,"minecraft:arrow":28,"minecraft:stone_shovel":1,"minecraft:hay_block":108,"minecraft:pink_tulip":2,"minecraft:yellow_terracotta":3,"minecraft:saddle":3,"minecraft:gold_ingot":47,"minecraft:white_wool":7,"minecraft:skeleton_skull":3,"minecraft:glow_berries":150,"minecraft:mutton":5,"minecraft:rail":2,"alexsmobs:kangaroo_meat":3,"minecraft:oxeye_daisy":1,"minecraft:jungle_boat":8,"minecraft:tripwire_hook":2,"minecraft:glow_ink_sac":8,"minecraft:salmon":5,"minecraft:leather":4,"minecraft:fern":1,"minecraft:packed_mud":2,"minecraft:oak_log":41,"minecraft:chainmail_chestplate":1,"minecraft:golden_boots":1,"minecraft:yellow_bed":2,"minecraft:gunpowder":16,"minecraft:cobblestone_stairs":28,"minecraft:white_banner":4,"minecraft:cooked_mutton":3,"minecraft:red_carpet":6,"minecraft:apple":5,"minecraft:stone_bricks":12,"minecraft:acacia_trapdoor":8,"minecraft:iron_ingot":112,"minecraft:stone_pickaxe":1,"weaponmaster:tutorialbook":2,"minecraft:iron_sword":7,"minecraft:acacia_sapling":4,"minecraft:book":164,"minecraft:scaffolding":91,"minecraft:oak_slab":11,"minecraft:smooth_basalt":3,"minecraft:daylight_detector":1,"minecraft:quartz":6,"minecraft:gravel":80,"minecraft:soul_torch":1,"minecraft:blast_furnace":1,"minecraft:white_bed":5,"minecraft:spruce_log":9,"minecraft:spider_eye":2,"alexsmobs:raw_catfish":21,"minecraft:polished_diorite":13,"minecraft:stone_axe":2,"minecraft:chainmail_leggings":3,"minecraft:iron_helmet":2,"minecraft:painting":1,"minecraft:terracotta":1,"minecraft:damaged_anvil":4,"minecraft:acacia_slab":12,"minecraft:melon_seeds":2,"minecraft:coal":254,"minecraft:ender_pearl":2},"minecraft:custom":{"minecraft:interact_with_crafting_table":55,"minecraft:open_barrel":5,"minecraft:eat_cake_slice":2,"minecraft:leave_game":14,"minecraft:time_since_death":134523,"minecraft:sprint_one_cm":1505835,"minecraft:damage_blocked_by_shield":1340,"minecraft:drop":221,"minecraft:talked_to_villager":2,"minecraft:play_time":489000,"minecraft:deaths":18,"minecraft:jump":10897,"minecraft:walk_on_water_one_cm":124917,"minecraft:interact_with_furnace":34,"minecraft:sleep_in_bed":18,"minecraft:damage_dealt":19005,"minecraft:crouch_one_cm":114603,"minecraft:inspect_dispenser":4,"minecraft:horse_one_cm":2262,"minecraft:interact_with_anvil":1,"minecraft:mob_kills":99,"minecraft:climb_one_cm":39760,"minecraft:walk_one_cm":1781164,"minecraft:damage_dealt_absorbed":18,"minecraft:sneak_time":32848,"minecraft:walk_under_water_one_cm":61375,"minecraft:boat_one_cm":191295,"minecraft:total_world_time":489000,"minecraft:time_since_rest":14111,"minecraft:damage_taken":10102,"minecraft:swim_one_cm":251929,"minecraft:fly_one_cm":2505991,"minecraft:open_chest":150,"minecraft:fall_one_cm":331802},"minecraft:mined":{"minecraft:spruce_planks":15,"minecraft:white_bed":3,"minecraft:cobblestone_stairs":14,"minecraft:jungle_leaves":1,"minecraft:spruce_trapdoor":37,"minecraft:stone_brick_wall":3,"minecraft:acacia_log":52,"minecraft:grass_block":33,"minecraft:jungle_log":33,"minecraft:oak_pressure_plate":2,"minecraft:coal_block":52,"minecraft:polished_diorite":9,"minecraft:spawner":7,"minecraft:potted_fern":1,"minecraft:tall_seagrass":2,"minecraft:potted_birch_sapling":1,"minecraft:iron_ore":141,"minecraft:cobbled_deepslate":10,"minecraft:moss_carpet":1,"minecraft:cave_vines":3,"minecraft:oak_stairs":2,"minecraft:light_gray_concrete":15,"minecraft:azalea_leaves":2,"minecraft:spruce_slab":12,"minecraft:tripwire":3,"minecraft:orange_bed":6,"minecraft:chiseled_quartz_block":5,"minecraft:clay":5,"minecraft:torch":12,"minecraft:blast_furnace":1,"minecraft:calcite":2,"minecraft:melon":5,"minecraft:chest":2,"minecraft:dead_bush":13,"minecraft:spruce_wall_sign":3,"minecraft:cobblestone":29,"minecraft:grindstone":1,"minecraft:damaged_anvil":3,"minecraft:cyan_bed":7,"minecraft:potted_acacia_sapling":1,"minecraft:sugar_cane":19,"minecraft:oak_planks":23,"minecraft:iron_door":4,"minecraft:wall_torch":11,"minecraft:spruce_sign":4,"minecraft:skeleton_skull":1,"minecraft:chain":4,"minecraft:light_gray_stained_glass":2,"minecraft:tnt":4,"minecraft:stone_brick_stairs":3,"minecraft:grass":200,"minecraft:oak_log":41,"minecraft:acacia_fence":53,"minecraft:sand":2,"minecraft:smooth_quartz":15,"minecraft:dirt":76,"minecraft:sandstone_wall":1,"minecraft:smooth_basalt":3,"minecraft:piston":2,"minecraft:oak_leaves":42,"minecraft:deepslate":123,"minecraft:yellow_terracotta":4,"minecraft:light_blue_stained_glass_pane":4,"minecraft:tuff":2,"minecraft:deepslate_diamond_ore":12,"minecraft:lever":2,"minecraft:redstone_wire":13,"minecraft:acacia_slab":4,"minecraft:moss_block":47,"minecraft:sandstone":10,"minecraft:rooted_dirt":4,"minecraft:hay_block":91,"minecraft:black_stained_glass_pane":2,"minecraft:furnace":8,"minecraft:acacia_trapdoor":8,"minecraft:acacia_stairs":1,"minecraft:andesite":93,"minecraft:bookshelf":33,"minecraft:deepslate_iron_ore":21,"minecraft:vine":5,"minecraft:rail":2,"minecraft:stone":283,"minecraft:white_wool":4,"minecraft:potted_allium":1,"minecraft:smithing_table":2,"minecraft:podzol":10,"minecraft:oak_slab":7,"minecraft:acacia_leaves":10,"minecraft:scaffolding":72,"minecraft:redstone_block":1,"minecraft:gray_concrete":4,"minecraft:glass_pane":2,"minecraft:brown_carpet":3,"minecraft:crafting_table":13,"minecraft:andesite_slab":1,"minecraft:potted_oxeye_daisy":1,"minecraft:tall_grass":13,"minecraft:copper_ore":2,"minecraft:lapis_ore":5,"minecraft:big_dripleaf":1,"minecraft:spruce_stairs":52,"minecraft:coarse_dirt":14,"minecraft:acacia_fence_gate":3,"minecraft:yellow_bed":1,"minecraft:coal_ore":90,"minecraft:zombie_head":1,"minecraft:gravel":93,"minecraft:flower_pot":2,"minecraft:acacia_door":2,"minecraft:cobweb":19,"minecraft:terracotta":1,"minecraft:acacia_planks":16,"minecraft:stone_bricks":16,"minecraft:small_dripleaf":4,"minecraft:mossy_stone_bricks":1,"minecraft:fern":24},"minecraft:killed_by":{"alexsmobs:elephant":1,"minecraft:zombie":2,"alexsmobs:komodo_dragon":2,"alexsmobs:rattlesnake":1,"alexsmobs:centipede_head":1,"minecraft:skeleton":4},"minecraft:crafted":{"minecraft:oak_planks":164,"minecraft:bookshelf":4,"minecraft:iron_boots":1,"minecraft:chest":2,"minecraft:crafting_table":9,"minecraft:spruce_planks":28,"minecraft:jungle_boat":1,"minecraft:wooden_pickaxe":23,"minecraft:iron_helmet":2,"minecraft:iron_chestplate":2,"minecraft:shield":4,"minecraft:stick":220,"minecraft:iron_ingot":82,"minecraft:iron_pickaxe":4,"minecraft:stone_sword":1,"minecraft:coal":27,"minecraft:stone_shovel":2,"minecraft:furnace":4,"minecraft:bone_meal":18,"minecraft:iron_axe":3,"minecraft:stone_pickaxe":5,"minecraft:wheat":800,"minecraft:coal_block":6,"minecraft:iron_sword":2,"minecraft:bucket":1,"minecraft:stone_axe":1,"minecraft:jungle_slab":12,"minecraft:bread":267,"minecraft:acacia_boat":1,"minecraft:air":0,"minecraft:jungle_planks":100,"minecraft:oak_boat":1,"minecraft:iron_shovel":1,"minecraft:iron_leggings":1,"minecraft:acacia_planks":136,"minecraft:torch":300,"minecraft:clay":2},"minecraft:broken":{"minecraft:flint_and_steel":1,"minecraft:wooden_pickaxe":2}},"DataVersion":3465}