{"stats":{"minecraft:custom":{"minecraft:mob_kills":50,"minecraft:interact_with_crafting_table":28,"minecraft:leave_game":2,"minecraft:time_since_death":23644,"minecraft:climb_one_cm":3688,"minecraft:sprint_one_cm":238764,"minecraft:walk_one_cm":293838,"minecraft:damage_blocked_by_shield":910,"minecraft:drop":18,"minecraft:play_time":171131,"minecraft:sneak_time":13797,"minecraft:deaths":7,"minecraft:walk_under_water_one_cm":2407,"minecraft:jump":3196,"minecraft:walk_on_water_one_cm":13205,"minecraft:total_world_time":171131,"minecraft:interact_with_furnace":20,"minecraft:sleep_in_bed":2,"minecraft:time_since_rest":23670,"minecraft:damage_taken":2896,"minecraft:damage_dealt":8213,"minecraft:swim_one_cm":34599,"minecraft:fly_one_cm":494768,"minecraft:open_chest":35,"minecraft:crouch_one_cm":34163,"minecraft:fall_one_cm":97750},"minecraft:crafted":{"minecraft:oak_planks":76,"minecraft:stone_shovel":2,"minecraft:furnace":4,"minecraft:bone_meal":18,"minecraft:iron_boots":1,"minecraft:iron_axe":1,"minecraft:stone_pickaxe":5,"minecraft:chest":2,"minecraft:crafting_table":4,"minecraft:spruce_planks":28,"minecraft:wooden_pickaxe":9,"minecraft:iron_helmet":1,"minecraft:iron_sword":1,"minecraft:bucket":1,"minecraft:stone_axe":1,"minecraft:air":0,"minecraft:jungle_planks":40,"minecraft:iron_chestplate":1,"minecraft:shield":2,"minecraft:stick":108,"minecraft:iron_ingot":80,"minecraft:iron_pickaxe":2,"minecraft:stone_sword":1,"minecraft:iron_shovel":1,"minecraft:iron_leggings":1,"minecraft:acacia_planks":4,"minecraft:torch":188,"minecraft:clay":2},"minecraft:used":{"minecraft:moss_block":3,"minecraft:moss_carpet":1,"minecraft:stone_sword":59,"minecraft:iron_shovel":1,"minecraft:stone_shovel":22,"minecraft:spruce_planks":1,"minecraft:chest":2,"minecraft:shield":38,"minecraft:iron_sword":72,"minecraft:torch":163,"minecraft:dirt":56,"minecraft:mutton":5,"minecraft:iron_axe":2,"minecraft:jungle_log":2,"minecraft:furnace":5,"minecraft:oak_sapling":5,"minecraft:stone_pickaxe":146,"minecraft:wooden_pickaxe":175,"minecraft:sandstone":10,"minecraft:clay":2,"minecraft:white_wool":5,"minecraft:glow_berries":41,"minecraft:crafting_table":9,"minecraft:white_bed":2,"minecraft:apple":1,"minecraft:bread":19,"minecraft:melon_slice":5,"minecraft:iron_pickaxe":238,"minecraft:gravel":15,"minecraft:stone_axe":26,"minecraft:cobblestone":67,"minecraft:andesite":52,"alexsmobs:animal_dictionary":3,"minecraft:coarse_dirt":5,"minecraft:bone_meal":18},"minecraft:dropped":{"minecraft:moss_block":1,"minecraft:wheat_seeds":2,"minecraft:raw_iron":3,"minecraft:rotten_flesh":2,"minecraft:clay_ball":3,"minecraft:spruce_planks":6,"minecraft:arrow":5,"minecraft:stone_pickaxe":1,"minecraft:wooden_pickaxe":4},"minecraft:killed_by":{"minecraft:skeleton":2,"minecraft:zombie":1,"alexsmobs:komodo_dragon":1},"minecraft:picked_up":{"minecraft:crafting_table":8,"minecraft:coarse_dirt":7,"minecraft:clay_ball":15,"minecraft:wooden_pickaxe":6,"minecraft:shield":1,"minecraft:string":5,"minecraft:moss_carpet":1,"minecraft:raw_copper":14,"alexsmobs:emu_feather":3,"minecraft:cobbled_deepslate":8,"minecraft:spruce_planks":6,"minecraft:iron_pickaxe":1,"minecraft:melon_slice":13,"minecraft:sugar_cane":28,"minecraft:furnace":6,"minecraft:raw_iron":193,"minecraft:stick":37,"minecraft:sandstone":10,"minecraft:torch":20,"minecraft:acacia_log":1,"minecraft:spruce_stairs":6,"minecraft:porkchop":14,"minecraft:rotten_flesh":9,"minecraft:stone_sword":2,"minecraft:arrow":9,"minecraft:stone_shovel":1,"minecraft:glow_berries":63,"minecraft:mutton":5,"alexsmobs:flying_fish":2,"alexsmobs:kangaroo_meat":3,"minecraft:white_wool":5,"minecraft:cobblestone":218,"minecraft:jungle_log":12,"minecraft:andesite":90,"minecraft:packed_mud":2,"minecraft:flint":2,"minecraft:oak_log":19,"minecraft:gunpowder":7,"minecraft:dirt":67,"minecraft:lapis_lazuli":60,"minecraft:bone":10,"minecraft:apple":1,"minecraft:bow":1,"minecraft:wheat_seeds":4,"minecraft:moss_block":40,"minecraft:oak_planks":24,"minecraft:gravel":20,"minecraft:white_bed":4,"minecraft:spruce_log":9,"alexsmobs:animal_dictionary":2,"alexsmobs:kangaroo_hide":9,"minecraft:stone_axe":2,"minecraft:bread":29,"alexsmobs:maggot":2,"minecraft:oak_sapling":5,"minecraft:coal":166},"minecraft:broken":{"minecraft:wooden_pickaxe":1},"minecraft:killed":{"minecraft:spider":3,"minecraft:skeleton":11,"alexsmobs:flying_fish":1,"alexsmobs:kangaroo":2,"minecraft:husk":4,"minecraft:pig":3,"alexsmobs:emu":1,"minecraft:sheep":4,"minecraft:zombie":15,"alexsmobs:roadrunner":1,"alexsmobs:fly":2},"minecraft:mined":{"minecraft:white_bed":2,"minecraft:spruce_planks":1,"minecraft:acacia_log":1,"minecraft:grass_block":10,"minecraft:jungle_log":18,"minecraft:moss_block":13,"minecraft:sandstone":10,"minecraft:furnace":5,"minecraft:iron_ore":106,"minecraft:andesite":89,"minecraft:moss_carpet":1,"minecraft:cave_vines":2,"minecraft:deepslate_iron_ore":19,"minecraft:vine":3,"minecraft:azalea_leaves":1,"minecraft:stone":207,"minecraft:white_wool":1,"minecraft:acacia_leaves":4,"minecraft:crafting_table":6,"minecraft:clay":3,"minecraft:melon":1,"minecraft:dead_bush":11,"minecraft:tall_grass":2,"minecraft:copper_ore":2,"minecraft:cobblestone":2,"minecraft:lapis_ore":5,"minecraft:sugar_cane":10,"minecraft:wall_torch":3,"minecraft:coarse_dirt":5,"minecraft:grass":29,"minecraft:coal_ore":63,"minecraft:oak_log":19,"minecraft:dirt":39,"minecraft:gravel":23,"minecraft:cobweb":2,"minecraft:small_dripleaf":3,"minecraft:oak_leaves":34,"minecraft:deepslate":14,"minecraft:fern":7}},"DataVersion":3465}