{"stats":{"minecraft:custom":{"minecraft:interact_with_furnace":4,"minecraft:mob_kills":18,"minecraft:interact_with_crafting_table":11,"minecraft:leave_game":2,"minecraft:time_since_death":23077,"minecraft:sleep_in_bed":2,"minecraft:climb_one_cm":747,"minecraft:time_since_rest":11056,"minecraft:sprint_one_cm":73858,"minecraft:damage_taken":825,"minecraft:walk_one_cm":198175,"minecraft:damage_blocked_by_shield":190,"minecraft:drop":11,"minecraft:damage_dealt":2938,"minecraft:swim_one_cm":28504,"minecraft:fly_one_cm":179797,"minecraft:open_chest":16,"minecraft:crouch_one_cm":13147,"minecraft:play_time":111131,"minecraft:deaths":2,"minecraft:sneak_time":3936,"minecraft:walk_under_water_one_cm":1586,"minecraft:jump":1267,"minecraft:walk_on_water_one_cm":5360,"minecraft:total_world_time":111131,"minecraft:fall_one_cm":31819},"minecraft:crafted":{"minecraft:oak_planks":40,"minecraft:stone_shovel":2,"minecraft:crafting_table":1,"minecraft:spruce_planks":28,"minecraft:wooden_pickaxe":1,"minecraft:furnace":1,"minecraft:stone_axe":1,"minecraft:air":0,"minecraft:shield":1,"minecraft:stick":52,"minecraft:iron_pickaxe":1,"minecraft:iron_ingot":4,"minecraft:stone_pickaxe":2,"minecraft:stone_sword":1,"minecraft:torch":120,"minecraft:clay":2},"minecraft:used":{"minecraft:moss_block":3,"minecraft:moss_carpet":1,"minecraft:stone_sword":41,"minecraft:stone_shovel":18,"minecraft:stone_pickaxe":58,"minecraft:shield":12,"minecraft:spruce_planks":1,"minecraft:wooden_pickaxe":30,"minecraft:sandstone":10,"minecraft:clay":2,"minecraft:torch":33,"minecraft:dirt":26,"minecraft:crafting_table":4,"minecraft:white_bed":2,"minecraft:bread":10,"minecraft:iron_pickaxe":43,"minecraft:jungle_log":2,"minecraft:gravel":8,"minecraft:stone_axe":26,"minecraft:cobblestone":14,"minecraft:furnace":1,"alexsmobs:animal_dictionary":3,"minecraft:coarse_dirt":3},"minecraft:dropped":{"minecraft:moss_block":1,"minecraft:raw_iron":3,"minecraft:clay_ball":3,"minecraft:spruce_planks":6,"minecraft:stone_pickaxe":1,"minecraft:wooden_pickaxe":2},"minecraft:killed_by":{"alexsmobs:komodo_dragon":1},"minecraft:picked_up":{"minecraft:coarse_dirt":3,"minecraft:crafting_table":5,"minecraft:clay_ball":11,"minecraft:jungle_log":2,"minecraft:wooden_pickaxe":3,"minecraft:packed_mud":1,"minecraft:flint":1,"minecraft:oak_log":10,"minecraft:dirt":26,"minecraft:moss_carpet":1,"alexsmobs:emu_feather":2,"minecraft:spruce_planks":6,"minecraft:melon_slice":4,"minecraft:moss_block":26,"minecraft:sugar_cane":19,"minecraft:furnace":1,"minecraft:stick":20,"minecraft:raw_iron":19,"minecraft:sandstone":10,"minecraft:spruce_stairs":4,"minecraft:gravel":8,"minecraft:porkchop":7,"minecraft:white_bed":3,"minecraft:spruce_log":9,"alexsmobs:animal_dictionary":1,"minecraft:stone_sword":1,"alexsmobs:kangaroo_hide":6,"minecraft:rotten_flesh":2,"minecraft:stone_axe":1,"minecraft:bread":20,"alexsmobs:maggot":2,"alexsmobs:kangaroo_meat":3,"minecraft:coal":107,"alexsmobs:flying_fish":2,"minecraft:cobblestone":55},"minecraft:killed":{"minecraft:husk":4,"minecraft:pig":3,"alexsmobs:emu":1,"minecraft:zombie":4,"alexsmobs:roadrunner":1,"alexsmobs:fly":2,"alexsmobs:kangaroo":2,"alexsmobs:flying_fish":1},"minecraft:mined":{"minecraft:spruce_planks":1,"minecraft:white_bed":2,"minecraft:clay":2,"minecraft:crafting_table":4,"minecraft:grass_block":1,"minecraft:jungle_log":8,"minecraft:dead_bush":11,"minecraft:tall_grass":1,"minecraft:moss_block":12,"minecraft:sugar_cane":10,"minecraft:sandstone":10,"minecraft:coarse_dirt":1,"minecraft:furnace":1,"minecraft:iron_ore":12,"minecraft:moss_carpet":1,"minecraft:grass":6,"minecraft:oak_log":10,"minecraft:coal_ore":57,"minecraft:vine":3,"minecraft:gravel":9,"minecraft:dirt":11,"minecraft:azalea_leaves":1,"minecraft:stone":49,"minecraft:small_dripleaf":3,"minecraft:oak_leaves":1,"minecraft:fern":3}},"DataVersion":3465}