{"stats":{"minecraft:custom":{"minecraft:interact_with_furnace":16,"minecraft:mob_kills":24,"minecraft:interact_with_crafting_table":19,"minecraft:leave_game":2,"minecraft:time_since_death":1159,"minecraft:sleep_in_bed":2,"minecraft:climb_one_cm":1044,"minecraft:time_since_rest":1228,"minecraft:sprint_one_cm":152699,"minecraft:damage_taken":1860,"minecraft:walk_one_cm":239014,"minecraft:damage_blocked_by_shield":530,"minecraft:drop":14,"minecraft:damage_dealt":3571,"minecraft:swim_one_cm":31019,"minecraft:fly_one_cm":306164,"minecraft:open_chest":26,"minecraft:crouch_one_cm":22876,"minecraft:play_time":135131,"minecraft:deaths":5,"minecraft:sneak_time":8095,"minecraft:walk_under_water_one_cm":1666,"minecraft:jump":2000,"minecraft:walk_on_water_one_cm":9365,"minecraft:total_world_time":135131,"minecraft:fall_one_cm":59596},"minecraft:crafted":{"minecraft:oak_planks":40,"minecraft:stone_shovel":2,"minecraft:crafting_table":3,"minecraft:spruce_planks":28,"minecraft:wooden_pickaxe":5,"minecraft:furnace":4,"minecraft:stone_axe":1,"minecraft:air":0,"minecraft:jungle_planks":20,"minecraft:shield":1,"minecraft:stick":60,"minecraft:chest":2,"minecraft:iron_pickaxe":1,"minecraft:iron_ingot":4,"minecraft:stone_pickaxe":2,"minecraft:stone_sword":1,"minecraft:acacia_planks":4,"minecraft:torch":120,"minecraft:clay":2},"minecraft:used":{"minecraft:moss_block":3,"minecraft:moss_carpet":1,"minecraft:stone_sword":59,"minecraft:stone_shovel":22,"minecraft:stone_pickaxe":58,"minecraft:chest":2,"minecraft:shield":23,"minecraft:spruce_planks":1,"minecraft:wooden_pickaxe":101,"minecraft:sandstone":10,"minecraft:clay":2,"minecraft:torch":121,"minecraft:dirt":34,"minecraft:crafting_table":7,"minecraft:white_bed":2,"minecraft:bread":19,"minecraft:iron_pickaxe":185,"minecraft:jungle_log":2,"minecraft:gravel":15,"minecraft:stone_axe":26,"minecraft:cobblestone":67,"minecraft:oak_sapling":1,"minecraft:furnace":5,"minecraft:andesite":4,"alexsmobs:animal_dictionary":3,"minecraft:coarse_dirt":4},"minecraft:dropped":{"minecraft:moss_block":1,"minecraft:wheat_seeds":2,"minecraft:raw_iron":3,"minecraft:rotten_flesh":1,"minecraft:clay_ball":3,"minecraft:spruce_planks":6,"minecraft:stone_pickaxe":1,"minecraft:wooden_pickaxe":2},"minecraft:killed_by":{"minecraft:skeleton":1,"minecraft:zombie":1,"alexsmobs:komodo_dragon":1},"minecraft:picked_up":{"minecraft:coarse_dirt":6,"minecraft:crafting_table":6,"minecraft:andesite":33,"minecraft:clay_ball":11,"minecraft:jungle_log":7,"minecraft:wooden_pickaxe":6,"minecraft:packed_mud":2,"minecraft:flint":2,"minecraft:oak_log":10,"minecraft:shield":1,"minecraft:string":2,"minecraft:lapis_lazuli":60,"minecraft:dirt":41,"minecraft:moss_carpet":1,"minecraft:raw_copper":6,"minecraft:bone":4,"minecraft:wheat_seeds":2,"alexsmobs:emu_feather":3,"minecraft:spruce_planks":6,"minecraft:iron_pickaxe":1,"minecraft:melon_slice":8,"minecraft:moss_block":40,"minecraft:sugar_cane":28,"minecraft:oak_planks":24,"minecraft:furnace":2,"minecraft:stick":34,"minecraft:raw_iron":155,"minecraft:sandstone":10,"minecraft:torch":19,"minecraft:acacia_log":1,"minecraft:spruce_stairs":6,"minecraft:gravel":20,"minecraft:porkchop":14,"minecraft:white_bed":4,"minecraft:spruce_log":9,"alexsmobs:animal_dictionary":2,"minecraft:stone_shovel":1,"minecraft:arrow":4,"minecraft:stone_sword":2,"alexsmobs:kangaroo_hide":9,"minecraft:rotten_flesh":4,"minecraft:stone_axe":2,"minecraft:bread":29,"alexsmobs:maggot":2,"minecraft:oak_sapling":1,"alexsmobs:kangaroo_meat":3,"minecraft:coal":145,"alexsmobs:flying_fish":2,"minecraft:cobblestone":145},"minecraft:broken":{"minecraft:wooden_pickaxe":1},"minecraft:killed":{"minecraft:husk":4,"minecraft:pig":3,"alexsmobs:emu":1,"minecraft:skeleton":5,"minecraft:zombie":4,"alexsmobs:roadrunner":1,"alexsmobs:fly":2,"alexsmobs:kangaroo":2,"alexsmobs:flying_fish":1},"minecraft:mined":{"minecraft:acacia_leaves":4,"minecraft:spruce_planks":1,"minecraft:white_bed":2,"minecraft:clay":2,"minecraft:crafting_table":4,"minecraft:acacia_log":1,"minecraft:grass_block":5,"minecraft:jungle_log":13,"minecraft:dead_bush":11,"minecraft:tall_grass":1,"minecraft:cobblestone":2,"minecraft:lapis_ore":5,"minecraft:moss_block":12,"minecraft:sugar_cane":10,"minecraft:sandstone":10,"minecraft:wall_torch":2,"minecraft:coarse_dirt":4,"minecraft:furnace":1,"minecraft:iron_ore":73,"minecraft:andesite":31,"minecraft:moss_carpet":1,"minecraft:deepslate_iron_ore":14,"minecraft:grass":11,"minecraft:oak_log":10,"minecraft:coal_ore":63,"minecraft:vine":3,"minecraft:gravel":23,"minecraft:dirt":16,"minecraft:cobweb":2,"minecraft:azalea_leaves":1,"minecraft:stone":137,"minecraft:small_dripleaf":3,"minecraft:oak_leaves":14,"minecraft:fern":4}},"DataVersion":3465}